name,lat,long,link,administrative_district,geohash
台六一線-22-0610-136-001,24.38982235,120.5989696,https://cctv-ss04.thb.gov.tw:443/T61-136K+950,"臺中市, 大安區",wsmfb213
台61橋下道路-138-001,24.37837448,120.5917864,https://cctv-ss07.thb.gov.tw:443/T61-138K+700(S),"臺中市, 大安區",wsmf8juq
台61橋下道路-138-002,24.37833745,120.5920344,https://cctv-ss07.thb.gov.tw:443/T61-138K+700(N),"臺中市, 大安區",wsmf8juq
台61線-139-002,24.37405776,120.5896633,https://cctv-ss04.thb.gov.tw:443/T61-139K+000,"臺中市, 大安區",wsmf8j4t
台61線-22-0610-139-001,24.37294645,120.5880695,https://cctv-ss04.thb.gov.tw:443/T61-139K+250,"臺中市, 大安區",wsmf8hcw
台61線-22-0610-141-001,24.35540304,120.5832564,https://cctv-ss04.thb.gov.tw:443/T61-141K+200,"臺中市, 大安區",wsmdxcy0
國道3號-N3-N-157.650-M-大甲南地磅站,24.38755023,120.6676908,https://cctvc.freeway.gov.tw/abs2mjpg/bmjpg?camera=420,臺中市,wsmf9zee
國道3號-N3-S-158.751-M,24.37981541,120.6658616,https://cctvc.freeway.gov.tw/abs2mjpg/bmjpg?camera=258,臺中市,wsmf9y4n
國道3號-N3-N-159.500-M-大甲北地磅站,24.37222367,120.6645458,https://cctvc.freeway.gov.tw/abs2mjpg/bmjpg?camera=421,臺中市,wsmf9uc4
國道3號-N3-N-159.840-M,24.36997599,120.6640615,https://cctvc.freeway.gov.tw/abs2mjpg/bmjpg?camera=422,臺中市,wsmf9u2v
台一線-22-0010-150-001,24.36700049,120.6424885,https://cctv-ss03.thb.gov.tw:443/T1-150K+245,臺中市,wsmf97ch
台一線-22-0010-156-001,24.3248413,120.6076106,https://cctv-ss03.thb.gov.tw:443/T1-156K+650,臺中市,wsmf2kpy
國道3號-N3-N-161.310-M,24.35711563,120.6613307,https://cctvc.freeway.gov.tw/abs2mjpg/bmjpg?camera=590,"臺中市, 外埔區",wsmf9dnf
國道3號-N3-S-162.780-M,24.34473384,120.6552584,https://cctvc.freeway.gov.tw/abs2mjpg/bmjpg?camera=25,"臺中市, 外埔區",wsmf3xf6
國道3號-N3-N-164-O-N-1,24.338153,120.6465272,https://cctvc.freeway.gov.tw/abs2mjpg/bmjpg?camera=259,"臺中市, 外埔區",wsmf3qsh
國道3號-N3-N-164.780-M,24.335684,120.6386918,https://cctvc.freeway.gov.tw/abs2mjpg/bmjpg?camera=474,"臺中市, 外埔區",wsmf3nnm
國道3號-N3-S-166.057-M,24.33025273,120.6282457,https://cctvc.freeway.gov.tw/abs2mjpg/bmjpg?camera=365,"臺中市, 外埔區",wsmf2vnv
國道3號-N3-N-166.200-M,24.32871961,120.6267932,https://cctvc.freeway.gov.tw/abs2mjpg/bmjpg?camera=475,"臺中市, 外埔區",wsmf2uvv
國道3號-N3-N-166.292-M,24.32808709,120.6261342,https://cctvc.freeway.gov.tw/abs2mjpg/bmjpg?camera=558,"臺中市, 外埔區",wsmf2uv3
國道3號-N3-S-167.514-M,24.31849953,120.6205094,https://cctvc.freeway.gov.tw/abs2mjpg/bmjpg?camera=499,"臺中市, 清水區",wsmf2g11
國道1號-N1-S-156.025-M,24.34846848,120.7277334,https://cctvc.freeway.gov.tw/abs2mjpg/bmjpg?camera=199,"苗栗縣, 三義鄉",wsmfe0x2
國道1號-N1-N-157.040-M,24.34014289,120.7215782,https://cctvc.freeway.gov.tw/abs2mjpg/bmjpg?camera=571,"臺中市, 后里區",wsmf7nfz
國道1號-N1-N-158.055-M,24.333088,120.717405,https://cctvc.freeway.gov.tw/abs2mjpg/bmjpg?camera=200,"臺中市, 后里區",wsmf6vxw
國道1號-N1-S-158.870-M,24.32730309,120.7125283,https://cctvc.freeway.gov.tw/abs2mjpg/bmjpg?camera=1,"臺中市, 后里區",wsmf6ush
泰安服務區-小車區-N1-S-158.570-R,24.33063147,120.7117567,https://cctvc.freeway.gov.tw/abs2mjpg/bmjpg?camera=541,"臺中市, 后里區",wsmf6v78
泰安服務區南站-N1-S-158.622-R,24.33051936,120.7109213,https://cctvc.freeway.gov.tw/abs2mjpg/bmjpg?camera=1128,"臺中市, 后里區",wsmf6v5p
泰安服務區-N1-S-159-R,24.32915627,120.7105716,https://cctvc.freeway.gov.tw/abs2mjpg/bmjpg?camera=6,"臺中市, 后里區",wsmf6ufz
泰安服務區-大車區-N1-N-158.400-R,24.32899144,120.7163852,https://cctvc.freeway.gov.tw/abs2mjpg/bmjpg?camera=540,"臺中市, 后里區",wsmf6uyy
泰安服務區-小車區-N1-N-158.400-R,24.32885351,120.7164256,https://cctvc.freeway.gov.tw/abs2mjpg/bmjpg?camera=539,"臺中市, 后里區",wsmf6uzj
國道1號-N1-N-158.520-R-泰安服務區北站,24.32822821,120.7155275,https://cctvc.freeway.gov.tw/abs2mjpg/bmjpg?camera=1129,"臺中市, 后里區",wsmf6uy6
西螺服務區南站-N1-S-229.520-R,24.32813626,120.7155275,https://cctvc.freeway.gov.tw/abs2mjpg/bmjpg?camera=764,"臺中市, 后里區",wsmf6uy3
國道1號-N1-S-160.135-M,24.31768918,120.7043752,https://cctvc.freeway.gov.tw/abs2mjpg/bmjpg?camera=359,"臺中市, 后里區",wsmf6dyh
國道1號-N1-N-161.050-M,24.30996407,120.7005403,https://cctvc.freeway.gov.tw/abs2mjpg/bmjpg?camera=655,"臺中市, 后里區",wsmf697r
國道1號-N1-S-161.780-M-后里南地磅站,24.30405322,120.698138,https://cctvc.freeway.gov.tw/abs2mjpg/bmjpg?camera=411,"臺中市, 后里區",wsmf683t
國道1號-N1-S-162.750-M,24.29598449,120.6958656,https://cctvc.freeway.gov.tw/abs2mjpg/bmjpg?camera=202,"臺中市, 后里區",wsmf4wbn
國道1號-N1-N-163.360-M,24.29055054,120.6952501,https://cctvc.freeway.gov.tw/abs2mjpg/bmjpg?camera=404,"臺中市, 后里區",wsmf4mzw
國道1號-N1-N-163.400-M-后里北地磅站,24.28989601,120.6952423,https://cctvc.freeway.gov.tw/abs2mjpg/bmjpg?camera=405,"臺中市, 后里區",wsmf4mzd
台13線-22-0130-057-001,24.3331943,120.7301287,https://cctv-ss03.thb.gov.tw:443/T13-057K+960,"臺中市, 后里區",wsmf7m8z
枋寮路/三線路(近動物之家),24.28636351,120.7097343,https://tcnvr7.taichung.gov.tw/4d51fdcd,"臺中市, 后里區",wsmf4v4n
馬場路/后科路(右側車流往后里馬場),24.29847689,120.7320773,https://tcnvr4.taichung.gov.tw/36f90b62,"臺中市, 后里區",wsmf5r6k
枋寮路-22-0130-064-001,24.28416707,120.7225481,https://cctv-ss03.thb.gov.tw:443/T13-064K+050,"臺中市, 后里區",wsmf5hg3
台3線-22-0030-150-001,24.30360192,120.8071297,https://cctv-ss03.thb.gov.tw:443/T3-150K+110,"臺中市, 東勢區",wsmfm034
台3線-22-0030-153-001,24.28521041,120.7973236,https://cctv-ss03.thb.gov.tw:443/T3-153K+400,"臺中市, 東勢區",wsmfhucz
台3線-22-0030-157-001,24.26192356,120.8227323,https://cctv-ss03.thb.gov.tw:443/T3-157K+960,"臺中市, 東勢區",wsmfj2sr
台3線-25-0080-000-001,24.2567492,120.8246259,https://cctv-ss03.thb.gov.tw:443/T8-000K+530,"臺中市, 東勢區",wsmcvrvc
東關路七段-25-0080-001-001,24.24674282,120.8321215,https://cctv-ss03.thb.gov.tw:443/T8-001K+960,"臺中市, 東勢區",wsmcvtgr
台8線-25-0080-005-001,24.21264962,120.838935,https://cctv-ss03.thb.gov.tw:443/T8-005K+850,"臺中市, 東勢區",wsmctzb0
台8線-25-0080-013-001,24.16062544,120.8599586,https://cctv-ss03.thb.gov.tw:443/T8-013K+250,"臺中市, 東勢區",wsmcqnr9
台8線-25-0080-013-002,24.16363967,120.8619027,https://cctv-ss03.thb.gov.tw:443/T8-015K+400,"臺中市, 東勢區",wsmcqqbg
台8線-25-0080-015-001,24.17189968,120.8751843,https://cctv-ss03.thb.gov.tw:443/T8-015K+400,"臺中市, 和平區",wsmcw86e
台8線-25-0080-027-001,24.17194674,120.9632106,https://cctv-ss03.thb.gov.tw:443/T8-027K+800,"臺中市, 和平區",wsq1886e
台8線-25-0080-030-001,24.18479476,120.985353,https://cctv-ss03.thb.gov.tw:443/T8-030K+600,"臺中市, 和平區",wsq194dy
台8線-25-0080-033-001,24.20161304,121.0018697,https://cctv-ss03.thb.gov.tw:443/T8-033K+400,"臺中市, 和平區",wsq19myb
台8線-25-0080-034-001,24.20307822,121.0124064,https://cctv-ss03.thb.gov.tw:443/T8-034K+550,"臺中市, 和平區",wsq19wn9
台8線-25-0080-035-002,24.20653063,121.0132003,https://cctv-ss03.thb.gov.tw:443/T8-035K+350-2,"臺中市, 和平區",wsq19wxj
台8線-25-0080-035-001,24.20775733,121.0122679,https://cctv-ss03.thb.gov.tw:443/T8-035K+350,"臺中市, 和平區",wsq19wyk
台8線-25-008A-000-001,24.21025802,121.0312929,https://cctv-ss04.thb.gov.tw:443/T8-0K+800,"臺中市, 和平區",wsq1dpk6
台8線-25-008A-001-001,24.21128012,121.0344423,https://cctv-ss03.thb.gov.tw:443/T8-001K+300,"臺中市, 和平區",wsq1dpw8
台8線臨37便道-25-008A-004-001,24.22402668,121.050426,https://cctv-ss04.thb.gov.tw:443/T8-4K+050,"臺中市, 和平區",wsq1f9f5
台8線臨37便道-25-008A-005-002,24.22533164,121.0579023,https://cctv-ss04.thb.gov.tw:443/T8-5K+400,"臺中市, 和平區",wsq1fdpd
台8線臨37便道-25-008A-005-001,24.22731679,121.0592403,https://cctv-ss03.thb.gov.tw:443/T8-005K+910,"臺中市, 和平區",wsq1ff2w
台8線臨37便道-25-008A-006-003,24.22655136,121.0629097,https://cctv-ss04.thb.gov.tw:443/T8-006K+380,"臺中市, 和平區",wsq1ff73
台8線臨37便道-25-008A-006-001,24.2274593,121.064538,https://cctv-ss03.thb.gov.tw:443/T8-006K+550,"臺中市, 和平區",wsq1ffkx
台8線臨37便道-25-008A-007-001,24.22841768,121.0679786,https://cctv-ss04.thb.gov.tw:443/T8-7K+000,"臺中市, 和平區",wsq1ffxh
台8線臨37便道-25-008A-008-001,24.23129989,121.0755209,https://cctv-ss04.thb.gov.tw:443/T8-8K+550,"臺中市, 和平區",wsq1g5ht
台8線臨37便道-25-008A-009-001,24.23630616,121.0796876,https://cctv-ss03.thb.gov.tw:443/T8-009K+350,"臺中市, 和平區",wsq1ghpd
台8線臨37便道-25-008A-012-002,24.2416954,121.0966106,https://cctv-ss03.thb.gov.tw:443/T8-012K+000,"臺中市, 和平區",wsq1gt5f
台8線臨37便道-25-008A-012-001,24.24649945,121.0948382,https://cctv-ss03.thb.gov.tw:443/T8-012K+510,"臺中市, 和平區",wsq1gtfw
台8線臨37便道-25-008A-013-001,24.24874165,121.0968542,https://cctv-ss04.thb.gov.tw:443/T8-13K+000,"臺中市, 和平區",wsq1gwk5
台8線臨37便道-25-008A-014-001,24.24501242,121.1030553,https://cctv-ss04.thb.gov.tw:443/T8-14K+100,"臺中市, 和平區",wsq1gv8t
台8線臨37便道-25-008A-017-001,24.23451916,121.1229094,https://cctv-ss04.thb.gov.tw:443/T8-17K+300,"臺中市, 和平區",wsq1u5z0
台8線臨37便道-25-008A-018-001,24.24374588,121.1286102,https://cctv-ss04.thb.gov.tw:443/T8-18K+900,"臺中市, 和平區",wsq1um7n
台8線臨37便道-25-008A-020-001,24.24962095,121.1348757,https://cctv-ss04.thb.gov.tw:443/T8-20K+300,"臺中市, 和平區",wsq1uqx8
台8線臨37便道-25-008A-021-001,24.24861245,121.1469704,https://cctv-ss04.thb.gov.tw:443/T8-21K+800,"臺中市, 和平區",wsq1uy2d
台8線臨37便道-25-008A-022-001,24.2493921,121.1502468,https://cctv-ss04.thb.gov.tw:443/T8-22K+150,"臺中市, 和平區",wsq1uy6y
和平路三段-25-008A-023-001,24.25024069,121.1625986,https://cctv-ss03.thb.gov.tw:443/T8-023K+600,"臺中市, 和平區",wsq1vneg
和平路三段-25-0080-063-001,24.25248788,121.1721049,https://cctv-ss04.thb.gov.tw:443/T8-63K+500,"臺中市, 和平區",wsq1vr4b
台8線-25-0080-066-001,24.2577244,121.2009433,https://cctv-ss03.thb.gov.tw:443/T8-66K+300,"臺中市, 和平區",wsq1vzzz
台8線-25-0080-076-001,24.24730688,121.2273039,https://cctv-ss03.thb.gov.tw:443/T8-076K+500,"臺中市, 和平區",wsq1yw54
台8線-25-0080-076-002,24.24770347,121.2291214,https://cctv-ss03.thb.gov.tw:443/T8-076K+600,"臺中市, 和平區",wsq1ywhm
台8線-25-0080-075-001,24.24645448,121.2300459,https://cctv-ss07.thb.gov.tw:443/T8-75K+200,"臺中市, 和平區",wsq1ytvj
台8線-25-0080-078-001,24.24368951,121.2329601,https://cctv-ss04.thb.gov.tw:443/T8-78K+500,"臺中市, 和平區",wsq1ytrj
台8線-25-0080-077-001,24.24711709,121.235783,https://cctv-ss07.thb.gov.tw:443/T8-77K+150,"臺中市, 和平區",wsq1yy11
和平中正中興路圓環-25-0080-080-001,24.2549924,121.2460553,https://cctv-ss03.thb.gov.tw:443/T8-081K+750,"臺中市, 和平區",wsq1zp2x
台8線-25-0080-081-001,24.25639827,121.2585268,https://cctv-ss03.thb.gov.tw:443/T8-083K+550,"臺中市, 和平區",wsq1zr9z
台7甲線-25-007A-065-001,24.29744749,121.2752257,https://cctv-ss04.thb.gov.tw:443/T7A-65K+600,"臺中市, 和平區",wsq4pxjy
台7甲線-25-007A-054-001,24.34389405,121.3182266,https://cctv-ss02.thb.gov.tw:443/T7A-54K+750,"臺中市, 和平區",wsq62xtj
武陵路-25-007A-053-001,24.34853916,121.3220108,https://cctv-ss04.thb.gov.tw:443/T7A-53K+900,"臺中市, 和平區",wsq688xb
武陵路-25-007A-053-002,24.34863034,121.3220049,https://cctv-ss02.thb.gov.tw:443/T7A-53K+930,"臺中市, 和平區",wsq688xc
台7甲線-25-007A-052-002,24.35605537,121.3258065,https://cctv-ss02.thb.gov.tw:443/T7A-52K+400,"臺中市, 和平區",wsq68cfu
台7甲線-25-007A-052-001,24.35866087,121.3275279,https://cctv-ss02.thb.gov.tw:443/T7A-52K+000,"臺中市, 和平區",wsq68fk5
台7甲線-25-007A-049-002,24.36989875,121.3405474,https://cctv-ss02.thb.gov.tw:443/T7A-49K+930,"臺中市, 和平區",wsq69hmk
台7甲線-25-007A-049-001,24.37362973,121.3366589,https://cctv-ss03.thb.gov.tw:443/T7A-049K+060,"臺中市, 和平區",wsq69j4d
台7甲線-25-007A-048-002,24.37931396,121.3414289,https://cctv-ss03.thb.gov.tw:443/T7A-048K+000,"臺中市, 和平區",wsq69nn5
台7甲線-25-007A-047-001,24.38421441,121.3470384,https://cctv-ss03.thb.gov.tw:443/T7A-047K+070,"臺中市, 和平區",wsq69r40
台7甲線-25-007A-046-001,24.39094533,121.3515456,https://cctv-ss03.thb.gov.tw:443/T7A-046K+020,"臺中市, 和平區",wsq6c2jr
明德路-22-0030-164-001,24.27694808,120.7645886,https://cctv-ss04.thb.gov.tw:443/T3-164K+350,"臺中市, 石岡區",wsmfh56p
台3線-22-0030-158-001,24.26105626,120.8151118,https://cctv-ss03.thb.gov.tw:443/T3-158K+810,"臺中市, 石岡區",wsmfj0wf
土牛派出所前,24.26023724,120.8164646,https://tcnvr7.taichung.gov.tw/16e27a06,"臺中市, 石岡區",wsmfj0ry
新社區和盛街(右側車流往土牛）,24.256679,120.8069459,https://tcnvr4.taichung.gov.tw/23497bfe,"臺中市, 新社區",wsmcvpbc
新社區中正街(右側車流往社寮角),24.25582458,120.8062227,https://tcnvr4.taichung.gov.tw/3a665f2a,"臺中市, 新社區",wsmcvp8k
新社區興中街華豐街口,24.21119884,120.803227,https://tcnvr4.taichung.gov.tw/275d0b40,"臺中市, 新社區",wsmcszw0
新社區東山路與中興嶺街一段,24.2062314,120.7914376,https://tcnvr7.taichung.gov.tw/0c58611b,"臺中市, 新社區",wsmcswte
新社中興嶺圓環,24.20580588,120.7944003,https://tcnvr3.taichung.gov.tw/e90afe30,"臺中市, 新社區",wsmcswxc
新社興中街/協中街,24.20270172,120.7976189,https://tcnvr7.taichung.gov.tw/21ab9d45,"臺中市, 新社區",wsmcsvfn
新社區華豐街協興街口,24.20272707,120.8159691,https://tcnvr5.taichung.gov.tw/b537f63c,"臺中市, 新社區",wsmctjzx
新社區興社街一段與 225 巷口,24.20384386,120.8214814,https://tcnvr7.taichung.gov.tw/273685f1,"臺中市, 新社區",wsmctq5t
台21線-25-0210-000-001,24.1594193,120.862771,https://cctv-ss03.thb.gov.tw:443/T21-000K+350,"臺中市, 新社區",wsmcqq1d
台21線-25-0210-017-001,24.0964803,120.8881407,https://cctv-ss03.thb.gov.tw:443/T21-017K+400,"臺中市, 新社區",wsmcnfsh
大甲溪橋引道-22-0610-145-001,24.3244804,120.5671273,https://cctv-ss04.thb.gov.tw:443/T61-145K+350,"臺中市, 清水區",wsmdrs4k
台61線-22-0610-147-001,24.30941484,120.5582738,https://cctv-ss04.thb.gov.tw:443/T61-147K+200,"臺中市, 清水區",wsmdr37u
港埠路五段-22-0610-148-001,24.30216541,120.554597,https://cctv-ss04.thb.gov.tw:443/T61-148K+010,"臺中市, 清水區",wsmdr214
臨港路五段-22-0170-007-002,24.281237,120.5362863,https://cctv-ss03.thb.gov.tw:443/T17-007K+000,"臺中市, 清水區",wsmdnu7b
港埠路四段-22-0610-151-004,24.27757622,120.5481858,https://cctv-ss03.thb.gov.tw:443/T61-Qingshui-in,"臺中市, 清水區",wsmdp5se
台61線-22-0610-150-001,24.27708774,120.5479376,https://cctv-ss04.thb.gov.tw:443/T61-150K+850,"臺中市, 清水區",wsmdp5s2
臨港路五段-22-0170-007-001,24.27433942,120.5334816,https://cctv-ss03.thb.gov.tw:443/T17-007K+800,"臺中市, 清水區",wsmdng1b
台61線-22-0610-152-001,24.2645339,120.5425767,https://cctv-ss03.thb.gov.tw:443/T61-152K+350,"臺中市, 清水區",wsmdp10r
台61線-22-0610-154-001,24.24995141,120.5361405,https://cctv-ss02.thb.gov.tw:443/T61-154K+168,"臺中市, 梧棲區",wsm9yyed
台61線-22-0610-155-002,24.2419189,120.5327134,https://cctv-ss04.thb.gov.tw:443/T61-155K+100,"臺中市, 梧棲區",wsm9yv15
港埠路一段-22-0610-155-001,24.23842994,120.5314358,https://cctv-ss04.thb.gov.tw:443/T61-155K+500,"臺中市, 梧棲區",wsm9yu2r
向上路九段-22-0610-157-002,24.22349315,120.5244918,https://cctv-ss06.thb.gov.tw:443/T61-157K+200,"臺中市, 梧棲區",wsm9y9g2
台61線-22-0610-157-001,24.22261889,120.52439,https://cctv-ss04.thb.gov.tw:443/T61-157K+300,"臺中市, 梧棲區",wsm9y9e4
龍昌路-22-0170-015-001,24.21027984,120.5055966,https://cctv-ss03.thb.gov.tw:443/T17-015K+470,"臺中市, 龍井區",wsm9wpm7
臨港東路二段-22-0170-017-001,24.19845007,120.5144614,https://cctv-ss05.thb.gov.tw:443/T17-17K+250,"臺中市, 龍井區",wsm9wm5y
台61線-22-0610-160-001,24.19534614,120.5095357,https://cctv-ss04.thb.gov.tw:443/T61-160K+800,"臺中市, 龍井區",wsm9wk8k
台1線-22-0010-173-001,24.19290982,120.5391685,https://cctv-ss03.thb.gov.tw:443/T1-173K+630,"臺中市, 龍井區",wsm9wujv
中華路一段-22-0010-168-001,24.23619576,120.5483761,https://cctv-ss03.thb.gov.tw:443/T1-168K+490,"臺中市, 梧棲區",wsm9zhhd
台1線-22-0010-162-001,24.27937154,120.5771779,https://cctv-ss03.thb.gov.tw:443/T1-162K+810,"臺中市, 清水區",wsmdpgct
臨港路七段-22-0170-000-002,24.30332343,120.5875966,https://cctv-ss03.thb.gov.tw:443/T17-000K+940,"臺中市, 清水區",wsmf2031
國道4號-N4-E-0.108-M,24.30470514,120.5921904,https://cctvc.freeway.gov.tw/abs2mjpg/bmjpg?camera=32,"臺中市, 清水區",wsmf20s9
台17線-22-0170-000-001,24.30453609,120.5925407,https://cctv-ss03.thb.gov.tw:443/T17-0K+400,"臺中市, 清水區",wsmf20sb
國道4號-N4-W-1.910-M,24.30680636,120.6020335,https://cctvc.freeway.gov.tw/abs2mjpg/bmjpg?camera=440,"臺中市, 清水區",wsmf22gt
國道4號-N4-E-1.160-M,24.30673539,120.6023313,https://cctvc.freeway.gov.tw/abs2mjpg/bmjpg?camera=502,"臺中市, 清水區",wsmf22gu
國道3號-N3-S-168.810-M,24.30931691,120.615285,https://cctvc.freeway.gov.tw/abs2mjpg/bmjpg?camera=260,"臺中市, 清水區",wsmf29mk
國道3號-N3-S-170.300-M,24.29974207,120.6042326,https://cctvc.freeway.gov.tw/abs2mjpg/bmjpg?camera=476,"臺中市, 清水區",wsmf0rtk
國道3號-N3-N-171.142-M,24.29280165,120.601851,https://cctvc.freeway.gov.tw/abs2mjpg/bmjpg?camera=261,"臺中市, 清水區",wsmf0q7e
國道3號-N3-N-172.400-M,24.28256841,120.5996864,https://cctvc.freeway.gov.tw/abs2mjpg/bmjpg?camera=477,"臺中市, 清水區",wsmf0kd0
清水服務區-大車區-N3-N-172.160-R,24.2823649,120.6006405,https://cctvc.freeway.gov.tw/abs2mjpg/bmjpg?camera=546,"臺中市, 清水區",wsmf0k6x
清水服務區-小車區1-N3-N-172.300-R,24.281265,120.5998422,https://cctvc.freeway.gov.tw/abs2mjpg/bmjpg?camera=544,"臺中市, 清水區",wsmf0k60
清水服務區-小車區1-N3-N-172.340-R,24.2800939,120.601345,https://cctvc.freeway.gov.tw/abs2mjpg/bmjpg?camera=542,"臺中市, 清水區",wsmf0k51
國道3號-N3-N-172.400-R-清水服務區入口,24.27845295,120.5982157,https://cctvc.freeway.gov.tw/abs2mjpg/bmjpg?camera=1130,"臺中市, 清水區",wsmf07bb
國道3號-N3-S-173.382-M,24.27417964,120.593192,https://cctvc.freeway.gov.tw/abs2mjpg/bmjpg?camera=262,"臺中市, 清水區",wsmf04vr
國道3號-N3-S-174.420-M,24.26618554,120.5895276,https://cctvc.freeway.gov.tw/abs2mjpg/bmjpg?camera=434,"臺中市, 沙鹿區",wsmf01d8
國道3號-N3-S-175.250-M,24.25715246,120.5884298,https://cctvc.freeway.gov.tw/abs2mjpg/bmjpg?camera=693,"臺中市, 沙鹿區",wsmcbpcu
台中市立自由車場停車場前,24.27199087,120.5817529,https://tcnvr8.taichung.gov.tw/c6840519,"臺中市, 清水區",wsmdpfsf
清水區中山路與學園街,24.26639219,120.5745237,https://tcnvr8.taichung.gov.tw/9d31bf32,"臺中市, 清水區",wsmdp9x9
清水區台中市私立嘉陽高級中學,24.26602574,120.5826165,https://tcnvr8.taichung.gov.tw/64ef6ed9,"臺中市, 清水區",wsmdpcmx
國道3號-N3-S-175.942-M,24.25238008,120.5894012,https://cctvc.freeway.gov.tw/abs2mjpg/bmjpg?camera=263,"臺中市, 沙鹿區",wsmcbp48
台10線-22-0100-007-001,24.2500239,120.590099,https://cctv-ss03.thb.gov.tw:443/T10-007K+245,"臺中市, 沙鹿區",wsmcbne4
台10乙線-22-010B-004-001,24.25659409,120.6004911,https://cctv-ss03.thb.gov.tw:443/T10B-004K+490,"臺中市, 沙鹿區",wsmcbrf8
國道3號-N3-S-175.942-M,24.24016476,120.5939847,https://cctvc.freeway.gov.tw/abs2mjpg/bmjpg?camera=591,"臺中市, 沙鹿區",wsmcbhvc
國道3號-N3-N-178.090-M,24.23278977,120.5928473,https://cctvc.freeway.gov.tw/abs2mjpg/bmjpg?camera=694,"臺中市, 沙鹿區",wsmcb5mn
國道3號-N3-S-178.894-M,24.2267072,120.5889938,https://cctvc.freeway.gov.tw/abs2mjpg/bmjpg?camera=21,"臺中市, 沙鹿區",wsmcb464
台12線-22-0120-004-001,24.2368336,120.569838,https://cctv-ss03.thb.gov.tw:443/T12-004K+900,"臺中市, 沙鹿區",wsm9zshm
國道3號-N3-S-180.366-M,24.21408359,120.5840075,https://cctvc.freeway.gov.tw/abs2mjpg/bmjpg?camera=592,"臺中市, 沙鹿區",wsm9zbn9
臺灣大道六段-22-0120-007-001,24.2133773,120.580985,https://cctv-ss03.thb.gov.tw:443/T12-007K+800,"臺中市, 沙鹿區",wsm9xzum
國道3號-N3-N-181.010-M,24.20942285,120.5824566,https://cctvc.freeway.gov.tw/abs2mjpg/bmjpg?camera=346,"臺中市, 沙鹿區",wsm9xzjq
台12線-22-0120-008-001,24.20944845,120.5814566,https://cctv-ss03.thb.gov.tw:443/T12-8K+400,"臺中市, 沙鹿區",wsm9xzhw
國道3號-N3-S-181.684-M,24.20329338,120.5788447,https://cctvc.freeway.gov.tw/abs2mjpg/bmjpg?camera=504,"臺中市, 沙鹿區",wsm9xy4f
向上路六段 (右側車流往環中路),24.20093643,120.570161,https://tcnvr3.taichung.gov.tw/f3949e40,"臺中市, 沙鹿區",wsm9xtss
國道3號-N3-N-183.072-M,24.19417367,120.5707259,https://cctvc.freeway.gov.tw/abs2mjpg/bmjpg?camera=264,"臺中市, 龍井區",wsm9xskv
國道3號-N3-N-183.942-M,24.1908237,120.5621902,https://cctvc.freeway.gov.tw/abs2mjpg/bmjpg?camera=501,"臺中市, 龍井區",wsm9x7y9
國道3號-N3-S-184.828-M,24.1884713,120.5557116,https://cctvc.freeway.gov.tw/abs2mjpg/bmjpg?camera=366,"臺中市, 龍井區",wsm9x73u
台1線-22-0010-175-001,24.1758877,120.5431844,https://cctv-ss03.thb.gov.tw:443/T1-175K+820,"臺中市, 龍井區",wsm9x10f
國道3號-N3-N-186.000-M,24.17901297,120.5490876,https://cctvc.freeway.gov.tw/abs2mjpg/bmjpg?camera=453,"臺中市, 龍井區",wsm9x1th
國道3號-N3-S-187.112-M,24.17219208,120.5403255,https://cctvc.freeway.gov.tw/abs2mjpg/bmjpg?camera=695,"彰化縣, 龍井區",wsm9wbqv
國道3號-N3-N-187.822-M,24.16872663,120.5346493,https://cctvc.freeway.gov.tw/abs2mjpg/bmjpg?camera=22,"彰化縣, 大肚區",wsm9qzf9
國道3號-N3-N-188.730-M,24.16208365,120.5292049,https://cctvc.freeway.gov.tw/abs2mjpg/bmjpg?camera=423,"彰化縣, 大肚區",wsm9qwwd
台1線-22-0010-173-001,24.19295566,120.5391897,https://cctv-ss03.thb.gov.tw:443/T1-173K+630,"臺中市, 龍井區",wsm9wujy
大肚區華山路(右側車流往自由路),24.16016989,120.5523064,https://tcnvr4.taichung.gov.tw/56d21cf4,"臺中市, 大肚區",wsm9rnpx
大肚區藍色公路橋梁(右側車流往遊園路),24.15464757,120.561514,https://tcnvr4.taichung.gov.tw/5f8ec809,"臺中市, 大肚區",wsm9rmnp
大肚區藍色公路(右側車流往自由路),24.15649319,120.5671635,https://tcnvr4.taichung.gov.tw/6450fa20,"臺中市, 大肚區",wsm9rtd3
國道4號-N4-W-3.384-M,24.30636885,120.6240044,https://cctvc.freeway.gov.tw/abs2mjpg/bmjpg?camera=599,"臺中市, 清水區",wsmf2bgd
國道4號-N4-W-3.992-M,24.30438268,120.629653,https://cctvc.freeway.gov.tw/abs2mjpg/bmjpg?camera=33,"臺中市, 清水區",wsmf2brz
國道4號-N4-W-4.750-M,24.30127894,120.6361667,https://cctvc.freeway.gov.tw/abs2mjpg/bmjpg?camera=1119,"臺中市, 清水區",wsmf1put
國道4號-N4-E-5.620-M,24.29619797,120.6433541,https://cctvc.freeway.gov.tw/abs2mjpg/bmjpg?camera=367,"臺中市, 神岡區",wsmf1qcz
國道4號-N4-E-5.620-M,24.28923488,120.6527956,https://cctvc.freeway.gov.tw/abs2mjpg/bmjpg?camera=367,"臺中市, 神岡區",wsmf1t8x
國道4號-N4-W-8.220-M,24.28421214,120.6616733,https://cctvc.freeway.gov.tw/abs2mjpg/bmjpg?camera=292,"臺中市, 神岡區",wsmf1sz1
台1線-22-0010-181-001,24.12603507,120.5600861,https://cctv-ss03.thb.gov.tw:443/T1-181K+950,"臺中市, 大肚區",wsm9r2j0
臺灣大道五段-22-0120-011-001,24.18522213,120.5878936,https://cctv-ss03.thb.gov.tw:443/T12-011K+460,"臺中市, 龍井區",wsmc84c3
台灣大道/國際街(右側車流往台中車站),24.18310508,120.5929381,https://tcnvr7.taichung.gov.tw/fb3f83d3,"臺中市, 西屯區",wsmc84mh
臺灣大道/東大路(右側車流往文心路),24.18282571,120.6023711,https://tcnvr5.taichung.gov.tw/213958a7,"臺中市, 西屯區",wsmc867g
台灣大道/玉門路(右側車流往沙鹿),24.1841908,120.6095225,https://tcnvr7.taichung.gov.tw/ce5e7171,"臺中市, 西屯區",wsmc8d95
臺灣大道/工業區一路(右側車流往文心路),24.18343835,120.6151303,https://tcnvr8.taichung.gov.tw/34958798,"臺中市, 西屯區",wsmc8dmq
東大路/西屯路(右側車流往環中路),24.19276791,120.6065164,https://tcnvr8.taichung.gov.tw/7acaa858,"臺中市, 西屯區",wsmc8knv
台灣大道/中工三路 (右側車流往環中路),24.18098793,120.6197335,https://tcnvr6.taichung.gov.tw/4280f46e,"臺中市, 西屯區",wsmc8f08
臺灣大道/福安路(右側車流往文心路),24.18010958,120.6215617,https://tcnvr7.taichung.gov.tw/6b367130,"臺中市, 西屯區",wsmc8ccg
臺灣大道/安和路(右側車流往朝馬路),24.17869361,120.6244645,https://tcnvr4.taichung.gov.tw/da6323bc,"臺中市, 西屯區",wsmc8cs5
台灣大道/安和路(右側車流往文心路)(中央分隔島),24.17844245,120.6245355,https://tcnvr8.taichung.gov.tw/33effdc6,"臺中市, 西屯區",wsmc8cs1
安和路/福泰街(右側車流往臺灣大道),24.18347842,120.6254414,https://tcnvr5.taichung.gov.tw/91158129,"臺中市, 西屯區",wsmc8fky
朝馬路/安和路(右側車流往環中路),24.17416141,120.6221778,https://tcnvr8.taichung.gov.tw/148fa6bc,"臺中市, 西屯區",wsmc8bf2
安和路/朝馬路(右側車流往臺灣大道),24.17409059,120.6221482,https://tcnvr6.taichung.gov.tw/13b2115a,"臺中市, 西屯區",wsmc8bf2
市政路/安和路(右側車流往工業區一路),24.16883819,120.6194228,https://tcnvr3.taichung.gov.tw/8e6c47a3,"臺中市, 西屯區",wsmc2zb3
市政路/工業區一路(右側車流往安和路方向),24.17285113,120.6135857,https://tcnvr3.taichung.gov.tw/111113bd,"臺中市, 西屯區",wsmc88s1
五權西路/忠勇路(右側車流往南屯交流道),24.15370284,120.6165472,https://tcnvr5.taichung.gov.tw/408095ee,"臺中市, 南屯區",wsmc2tn3
向上路/忠勇路(右側車流往龍井),24.1477461,120.6152804,https://tcnvr6.taichung.gov.tw/567c2768,"臺中市, 南屯區",wsmc2evq
國道1號-N1-S-190.685-M,24.1142011,120.5687774,https://cctvc.freeway.gov.tw/abs2mjpg/bmjpg?camera=222,"彰化縣, 大肚區",wsm9ptge
台1線-22-10-183-1,24.1198937,120.5735294,https://cctv-ss03.thb.gov.tw:443/T1-183K+500,"臺中市, 大肚區",wsm9pwyu
國道1號-N1-S-189.750-M,24.11843141,120.5758316,https://cctvc.freeway.gov.tw/abs2mjpg/bmjpg?camera=663,"臺中市, 大肚區",wsm9py8s
國道1號-N3-N-189.737-M,24.11822292,120.5753833,https://cctvc.freeway.gov.tw/abs2mjpg/bmjpg?camera=696,"臺中市, 大肚區",wsm9py86
國道1號-N1-N-189-I-WN-1,24.11731581,120.5815011,https://cctvc.freeway.gov.tw/abs2mjpg/bmjpg?camera=221,"臺中市, 大肚區",wsm9pykv
國道1號-N1-S-188.700-M,24.11816619,120.5867164,https://cctvc.freeway.gov.tw/abs2mjpg/bmjpg?camera=220,"臺中市, 烏日區",wsmc0n8d
國道1號-N1-S-187.835-M,24.11580452,120.5930141,https://cctvc.freeway.gov.tw/abs2mjpg/bmjpg?camera=662,"臺中市, 烏日區",wsmc0njh
國道1號-N1-N-186.850-M,24.11150535,120.6039476,https://cctvc.freeway.gov.tw/abs2mjpg/bmjpg?camera=219,"臺中市, 烏日區",wsmc0mm5
台1乙線-22-001B-021-001,24.11311609,120.5871077,https://cctv-ss03.thb.gov.tw:443/T1B-021K+510,"臺中市, 烏日區",wsmc0j8v
中山路三段-22-001B-020-001,24.11140075,120.5985932,https://cctv-ss03.thb.gov.tw:443/T1B-020K+250,"臺中市, 烏日區",wsmc0m35
國道1號-N1-S-185.930-M,24.11420296,120.6103926,https://cctvc.freeway.gov.tw/abs2mjpg/bmjpg?camera=661,"臺中市, 烏日區",wsmc0tcg
國道1號-N1-N-185.008-M,24.12198394,120.6160448,https://cctvc.freeway.gov.tw/abs2mjpg/bmjpg?camera=218,"臺中市, 烏日區",wsmc0xmb
國道1號-N1-N-184.080-M,24.13873692,120.6180268,https://cctvc.freeway.gov.tw/abs2mjpg/bmjpg?camera=660,"臺中市, 南屯區",wsmc2dr6
國道1號-N1-S-183.150-M,24.13913328,120.6178593,https://cctvc.freeway.gov.tw/abs2mjpg/bmjpg?camera=217,"臺中市, 南屯區",wsmc2drh
國道1號-N1-S-182.420-M,24.14446418,120.6186465,https://cctvc.freeway.gov.tw/abs2mjpg/bmjpg?camera=659,"臺中市, 南屯區",wsmc2erg
136-N1-S-181.320-L-南屯交流道,24.15360834,120.6179503,https://cctvc.freeway.gov.tw/abs2mjpg/bmjpg?camera=533,"臺中市, 南屯區",wsmc2tp2
國道1號-N1-N-181.440-L-EW-1-南屯交流道穿越道,24.15364862,120.6199569,https://cctvc.freeway.gov.tw/abs2mjpg/bmjpg?camera=398,"臺中市, 南屯區",wsmc2v0c
國道1號-N1-N-181.280-M,24.15524402,120.6200728,https://cctvc.freeway.gov.tw/abs2mjpg/bmjpg?camera=216,"臺中市, 南屯區",wsmc2v2f
國道1號-N1-N-180.300-M,24.16328764,120.6219125,https://cctvc.freeway.gov.tw/abs2mjpg/bmjpg?camera=486,"臺中市, 西屯區",wsmc2yf1
國道1號-N1-N-179.850-M,24.16721812,120.6240493,https://cctvc.freeway.gov.tw/abs2mjpg/bmjpg?camera=214,"臺中市, 西屯區",wsmc2zeb
台12線-N1-S-178.650-L-台中交流道,24.17641697,120.6286166,https://cctvc.freeway.gov.tw/abs2mjpg/bmjpg?camera=532,"臺中市, 西屯區",wsmc8cpj
國道1號-N1-S-178.400-M,24.17770538,120.6324893,https://cctvc.freeway.gov.tw/abs2mjpg/bmjpg?camera=213,"臺中市, 西屯區",wsmc913v
國道1號-N1-N-178-O-NE-1,24.1735908,120.6323059,https://cctvc.freeway.gov.tw/abs2mjpg/bmjpg?camera=212,"臺中市, 西屯區",wsmc909v
國道1號-N1-N-177.550-M,24.18388989,120.6355847,https://cctvc.freeway.gov.tw/abs2mjpg/bmjpg?camera=485,"臺中市, 西屯區",wsmc94s1
國道1號-N1-S-177.035-M,24.18838077,120.6372123,https://cctvc.freeway.gov.tw/abs2mjpg/bmjpg?camera=563,"臺中市, 西屯區",wsmc95m7
國道1號-N1-N-176.400-M,24.19386837,120.6409185,https://cctvc.freeway.gov.tw/abs2mjpg/bmjpg?camera=211,"臺中市, 西屯區",wsmc9k25
國道1號-N1-N-174.930-M,24.20249973,120.650779,https://cctvc.freeway.gov.tw/abs2mjpg/bmjpg?camera=445,"臺中市, 西屯區",wsmc9mzj
國道1號-N1-N-174-A-EN-1-大雅交流道,24.20486093,120.6551253,https://cctvc.freeway.gov.tw/abs2mjpg/bmjpg?camera=701,"臺中市, 西屯區",wsmc9w67
國道1號-N1-N-174.400-M,24.20526714,120.656014,https://cctvc.freeway.gov.tw/abs2mjpg/bmjpg?camera=210,"臺中市, 西屯區",wsmc9w7j
國道1號-N1-N-174.180-N-大雅交流道,24.20580889,120.6570572,https://cctvc.freeway.gov.tw/abs2mjpg/bmjpg?camera=481,"臺中市, 西屯區",wsmc9wec
大雅交流道銜接道路-N1-S-174.280-L-大雅交流道,24.20719887,120.655244,https://cctvc.freeway.gov.tw/abs2mjpg/bmjpg?camera=531,"臺中市, 西屯區",wsmc9wf3
中清路三段/家樂福旁(右側車流往大雅),24.20654499,120.6520649,https://tcnvr4.taichung.gov.tw/197b4430,"臺中市, 西屯區",wsmc9w8j
台1乙線-22-001B-001-001,24.21017853,120.6506075,https://cctv-ss03.thb.gov.tw:443/T1B-001K+800,"臺中市, 大雅區",wsmc9rr4
中清路/中清聯絡道大雅端 (右側車流往環中路),24.21106297,120.6503515,https://tcnvr4.taichung.gov.tw/9447e962,"臺中市, 大雅區",wsmc9rqz
中清路三段-22-001B-000-002,24.22464094,120.6456916,https://cctv-ss03.thb.gov.tw:443/T1B-000K+100,"臺中市, 大雅區",wsmcc3gw
大雅交流道銜接道路-N1-T-174-A-N-1,24.20206425,120.6570241,https://cctvc.freeway.gov.tw/abs2mjpg/bmjpg?camera=209,"臺中市, 西屯區",wsmc9tgg
國道1號-N1-S-173.700-M,24.20823256,120.6622673,https://cctvc.freeway.gov.tw/abs2mjpg/bmjpg?camera=412,"臺中市, 大雅區",wsmc9wzx
大雅系統-N1-S-173.290-O-SE-1-南下出口,24.20887193,120.6650584,https://cctvc.freeway.gov.tw/abs2mjpg/bmjpg?camera=1280,"臺中市, 大雅區",wsmc9z1d
國道1號-N1-S-173.070-M,24.21045901,120.6667208,https://cctvc.freeway.gov.tw/abs2mjpg/bmjpg?camera=742,"臺中市, 大雅區",wsmc9z6u
國道1號-N1-S-172.650-M,24.21258671,120.6705629,https://cctvc.freeway.gov.tw/abs2mjpg/bmjpg?camera=208,"臺中市, 大雅區",wsmc9zv8
國道1號-N1-N-172.800-M,24.21158069,120.6692325,https://cctvc.freeway.gov.tw/abs2mjpg/bmjpg?camera=467,"臺中市, 大雅區",wsmc9zsd
國道1號-N1-N-171.745-M,24.21738358,120.6773759,https://cctvc.freeway.gov.tw/abs2mjpg/bmjpg?camera=484,"臺中市, 大雅區",wsmcf0ds
國道1號-N1-N-170.980-M,24.22343355,120.6824622,https://cctvc.freeway.gov.tw/abs2mjpg/bmjpg?camera=207,"臺中市, 潭子區",wsmcf1wr
國道1號-N1-S-169.990-M,24.23084596,120.6862216,https://cctvc.freeway.gov.tw/abs2mjpg/bmjpg?camera=657,"臺中市, 潭子區",wsmcf714
國道1號-N1-N-169.545-M,24.23541848,120.6877891,https://cctvc.freeway.gov.tw/abs2mjpg/bmjpg?camera=565,"臺中市, 神岡區",wsmcf7fj
國道1號-N1-S-169.270-M,24.23806286,120.6884294,https://cctvc.freeway.gov.tw/abs2mjpg/bmjpg?camera=206,"臺中市, 神岡區",wsmcfk6s
國道1號-N1-S-168.300-M,24.24652799,120.6898208,https://cctvc.freeway.gov.tw/abs2mjpg/bmjpg?camera=449,"臺中市, 神岡區",wsmcfmgw
民生路-22-0100-017-001,24.24418413,120.6796724,https://cctv-ss03.thb.gov.tw:443/T10-017K+950,"臺中市, 神岡區",wsmcfjs2
國道1號-N1-S-167.550-M,24.25331587,120.6906435,https://cctvc.freeway.gov.tw/abs2mjpg/bmjpg?camera=205,"臺中市, 神岡區",wsmcfrhj
國道1號-N1-S-166.360-M,24.26399093,120.6918737,https://cctvc.freeway.gov.tw/abs2mjpg/bmjpg?camera=203,"臺中市, 神岡區",wsmf43j5
國道1號-N1-N-165.350-M,24.27043885,120.6918129,https://cctvc.freeway.gov.tw/abs2mjpg/bmjpg?camera=466,"臺中市, 神岡區",wsmf46m1
國道4號-N4-W-11-I-SW-1,24.27104264,120.691301,https://cctvc.freeway.gov.tw/abs2mjpg/bmjpg?camera=294,"臺中市, 神岡區",wsmf46kt
國道4號-N4-E-11.550-M,24.27221462,120.6931325,https://cctvc.freeway.gov.tw/abs2mjpg/bmjpg?camera=600,"臺中市, 神岡區",wsmf46w5
國道4號-N4-W-10.052-M,24.27188452,120.6772951,https://cctvc.freeway.gov.tw/abs2mjpg/bmjpg?camera=503,"臺中市, 神岡區",wsmf44d9
國道4號-N4-E-8.900-M,24.27841216,120.6687946,https://cctvc.freeway.gov.tw/abs2mjpg/bmjpg?camera=1120,"臺中市, 神岡區",wsmf1gu2
國道4號-N4-E-9-O-WS-1,24.28033062,120.6666468,https://cctvc.freeway.gov.tw/abs2mjpg/bmjpg?camera=293,"臺中市, 神岡區",wsmf1u4g
國道4號-N4-E-6.890-M,24.28904078,120.6531885,https://cctvc.freeway.gov.tw/abs2mjpg/bmjpg?camera=489,"臺中市, 神岡區",wsmf1t8v
國道1號-N1-N-164.680-M,24.27886165,120.693788,https://cctvc.freeway.gov.tw/abs2mjpg/bmjpg?camera=343,"臺中市, 神岡區",wsmf47yd
國道1號-N1-T-167-A-N-1,24.2484763,120.6948519,https://cctvc.freeway.gov.tw/abs2mjpg/bmjpg?camera=204,"臺中市, 神岡區",wsmcfqr3
中山路/大洲路(右側車流往豐原交流道),24.24843983,120.6963452,https://tcnvr4.taichung.gov.tw/7c025b65,"臺中市, 神岡區",wsmcfw23
中山路-22-0100-019-001,24.2487098,120.6977572,https://cctv-ss03.thb.gov.tw:443/T10-019K+900,"臺中市, 神岡區",wsmcfw36
中山路/大豐北路(右側車流往豐原大道),24.24901812,120.6992355,https://tcnvr6.taichung.gov.tw/f290299b,"臺中市, 神岡區",wsmcfw6s
中正路/豐原大道(右側車流往豐原交流道),24.24948408,120.7033154,https://tcnvr5.taichung.gov.tw/96c0c0aa,"臺中市, 豐原區",wsmcfwmr
台10線-22-0100-020-002,24.24988062,120.7048851,https://cctv-ss03.thb.gov.tw:443/T10-020K+600,"臺中市, 豐原區",wsmcfww9
中山路/中正路(右側車流往潭子),24.25109744,120.7143918,https://tcnvr5.taichung.gov.tw/d5b5f9f1,"臺中市, 豐原區",wsmcfyv8
中正路/博愛街(右側車流往廟東夜市),24.25172054,120.7207586,https://tcnvr3.taichung.gov.tw/325dd94f,"臺中市, 豐原區",wsmcgnfh
中山路-22-0030-171-001,24.24479656,120.7142488,https://cctv-ss03.thb.gov.tw:443/T3-171K+260,"臺中市, 豐原區",wsmcfvtk
國道4號-N4-W-12.850-M,24.27352057,120.7016919,https://cctvc.freeway.gov.tw/abs2mjpg/bmjpg?camera=441,"臺中市, 神岡區",wsmf4du7
國道4號-N4-W-14.176-M,24.27784373,120.7144846,https://cctvc.freeway.gov.tw/abs2mjpg/bmjpg?camera=295,"臺中市, 豐原區",wsmf4gts
國道4號國道4號,24.2781184,120.7188261,https://cctvc.freeway.gov.tw/abs2mjpg/bmjpg?camera=349,"臺中市, 豐原區",wsmf558y
國道4號-N4-E-14.805-M,24.27803201,120.720796,https://cctvc.freeway.gov.tw/abs2mjpg/bmjpg?camera=452,"臺中市, 豐原區",wsmf55dj
三豐路/國豐路(右側車流往豐原),24.27813913,120.7223994,https://tcnvr5.taichung.gov.tw/932b3780,"臺中市, 豐原區",wsmf55eq
三豐路二段-22-0130-065-001,24.27334607,120.7219041,https://cctv-ss03.thb.gov.tw:443/T13-65K+180,"臺中市, 豐原區",wsmf54g4
國道4號-N4-E-15.470-M,24.27602182,120.7290605,https://cctvc.freeway.gov.tw/abs2mjpg/bmjpg?camera=1121,"臺中市, 豐原區",wsmf5724
三豐路/三豐路747巷(右側車流往豐原大道),24.26628242,120.720516,https://tcnvr5.taichung.gov.tw/8b29e33d,"臺中市, 豐原區",wsmf519c
中正路/博愛街(右側車流往廟東夜市),24.25173907,120.7207566,https://tcnvr3.taichung.gov.tw/325dd94f,"臺中市, 豐原區",wsmcgnfh
中山路/中正路(右側車流往潭子),24.25107441,120.7143863,https://tcnvr5.taichung.gov.tw/d5b5f9f1,"臺中市, 豐原區",wsmcfyv8
台3線-22-0030-175-001,24.21056607,120.7053263,https://cctv-ss03.thb.gov.tw:443/T3-175K+350,"臺中市, 潭子區",wsmcdxqu
環中路/中山路(右側車流往崇德路),24.20115843,120.7037809,https://tcnvr4.taichung.gov.tw/d98bca2b,"臺中市, 潭子區",wsmcdttv
環中路/中山路(往旱溪-路口前)(內側),24.20075727,120.7031317,https://tcnvr4.taichung.gov.tw/3a1e6ce1,"臺中市, 潭子區",wsmcdtt7
台74線-28-0740-017-003,24.20120387,120.6958151,https://cctv-ss07.thb.gov.tw:443/T74-17K+980,"臺中市, 北屯區",wsmcdt8n
台74線-28-0740-018-001,24.20104005,120.6960644,https://cctv-ss02.thb.gov.tw:443/T74-18K+000,"臺中市, 北屯區",wsmcdt8j
台74線-28-0740-017-001,24.20118954,120.6930869,https://cctv-ss02.thb.gov.tw:443/T74-17K+700,"臺中市, 北屯區",wsmcdmwn
台74線-28-0740-017-002,24.20107213,120.693244,https://cctv-ss07.thb.gov.tw:443/T74-17K+730,"臺中市, 北屯區",wsmcdmwj
環中路/崇德路(車流往中清路),24.20134658,120.6865262,https://tcnvr4.taichung.gov.tw/033e388e,"臺中市, 北屯區",wsmcdm9p
環中路/崇德路(車流往潭子中山路),24.20084245,120.6865314,https://tcnvr7.taichung.gov.tw/5933d7de,"臺中市, 北屯區",wsmcdm9k
崇德十九路/崇德路三段(右側車流往四平路),24.19786059,120.686843,https://tcnvr7.taichung.gov.tw/2b8271c4,"臺中市, 北屯區",wsmcdm16
崇德路三段/崇德十九路(右側車流往環中路),24.19773024,120.6865121,https://tcnvr4.taichung.gov.tw/4a64486c,"臺中市, 北屯區",wsmcdm11
崇德路/豐樂路(右側車流往環中路),24.19353817,120.6864764,https://tcnvr4.taichung.gov.tw/c0e3d88b,"臺中市, 北屯區",wsmcdk31
四平路/四平路568巷(右側車流往環中路),24.19720687,120.6831686,https://tcnvr6.taichung.gov.tw/3ef16a9c,"臺中市, 北屯區",wsmcdhyy
環中路/四平路(往崇德路-路口後)(內側),24.20084806,120.6833276,https://tcnvr7.taichung.gov.tw/8ff7e3a5,"臺中市, 北屯區",wsmcdjwu
環中路/四平路(車流往潭子中山路),24.20092554,120.6838246,https://tcnvr7.taichung.gov.tw/8318242e,"臺中市, 北屯區",wsmcdjxk
中路/四平路(往中清路-路口後)(內側),24.20128377,120.6833701,https://tcnvr4.taichung.gov.tw/1b9a5dfb,"臺中市, 北屯區",wsmcdjwy
洲際路/豐樂一街(右側車流往四平路),24.19947011,120.680489,https://tcnvr3.taichung.gov.tw/1d56adbb,"臺中市, 北屯區",wsmcdjku
崇德十九路/豐樂一街(右側車流往崇德路),24.19788538,120.6804676,https://tcnvr7.taichung.gov.tw/f3655d14,"臺中市, 北屯區",wsmcdjhf
崇德十路/環中路 (右側車流往雅潭路),24.20067619,120.6761976,https://tcnvr6.taichung.gov.tw/52cd018b,"臺中市, 北屯區",wsmcdj9e
台74線-28-0740-016-002,24.20124128,120.6763302,https://cctv-ss02.thb.gov.tw:443/T74-16K+030,"臺中市, 北屯區",wsmcdj9y
環中路/昌平路(右側車流往中清路),24.20126235,120.676445,https://tcnvr7.taichung.gov.tw/86c57783,"臺中市, 北屯區",wsmcdj9y
台74線-28-0740-016-001,24.20109063,120.6766202,https://cctv-ss02.thb.gov.tw:443/T74-16K+000,"臺中市, 北屯區",wsmcdjdj
台74線-28-0740-015-001,24.20097899,120.6739153,https://cctv-ss02.thb.gov.tw:443/T74-15K+800,"臺中市, 北屯區",wsmcdj8h
台74線-28-0740-015-002,24.2010763,120.6732798,https://cctv-ss07.thb.gov.tw:443/T74-15K+710,"臺中市, 北屯區",wsmc9vxt
環中路/松竹路(右側車流往中清路),24.20127309,120.671062,https://tcnvr3.taichung.gov.tw/9efcd769,"臺中市, 北屯區",wsmc9vty
松竹路/環中路(右側車流往崇德路),24.20068177,120.6709365,https://tcnvr7.taichung.gov.tw/ad8847a6,"臺中市, 北屯區",wsmc9vtg
環中路/榮德路(車流往中清路),24.20127376,120.6682685,https://tcnvr3.taichung.gov.tw/c3c46934,"臺中市, 北屯區",wsmc9vey
大雅系統-N1-N-173-I-EN-北上入口,24.20178617,120.6671223,https://cctvc.freeway.gov.tw/abs2mjpg/bmjpg?camera=1317,"臺中市, 北屯區",wsmc9vg1
大雅系統-N1-S-173.500-O-SE-21-南下出口,24.20170658,120.6661087,https://cctvc.freeway.gov.tw/abs2mjpg/bmjpg?camera=1279,"臺中市, 北屯區",wsmc9vf3
環中路/同榮東路(車流往中清路),24.20136029,120.6653224,https://tcnvr7.taichung.gov.tw/d689a051,"臺中市, 北屯區",wsmc9v9z
環中路/同榮東路(車流往崇德路),24.20080882,120.6653025,https://tcnvr7.taichung.gov.tw/eae762bd,"臺中市, 北屯區",wsmc9v9g
崇德路/崇德十路(右側車流往環中路),24.18824888,120.6862775,https://tcnvr7.taichung.gov.tw/fb3f3652,"臺中市, 北屯區",wsmcd734
崇德路/松竹路(右側車流往文心路),24.18158755,120.686097,https://tcnvr7.taichung.gov.tw/578495c7,"臺中市, 北屯區",wsmcd60g
環中路/中清路180巷(車流往崇德路),24.20074777,120.6612122,https://tcnvr8.taichung.gov.tw/204a97eb,"臺中市, 西屯區",wsmc9twg
台74線-28-0740-014-003,24.20099593,120.6602742,https://cctv-ss07.thb.gov.tw:443/T74-14K+400,"臺中市, 西屯區",wsmc9twj
大雅交流道銜接道路-N1-T-174-A-N-1,24.20197646,120.6570467,https://cctvc.freeway.gov.tw/abs2mjpg/bmjpg?camera=209,"臺中市, 西屯區",wsmc9tgf
環中路/大雅交流道(車流往中清路),24.20055352,120.6571379,https://tcnvr7.taichung.gov.tw/0e5c6a5c,"臺中市, 西屯區",wsmc9tef
台74線-28-0740-014-002,24.20037772,120.65718,https://cctv-ss07.thb.gov.tw:443/T74-14K+060-2,"臺中市, 西屯區",wsmc9tec
台74線-28-0740-014-001,24.20024637,120.6571889,https://cctv-ss07.thb.gov.tw:443/T74-14K+060-1,"臺中市, 西屯區",wsmc9teb
中清路引道/中清路(右側車流往文心路),24.19909066,120.6564625,https://tcnvr8.taichung.gov.tw/a1f36968,"臺中市, 西屯區",wsmc9t73
台74線-28-0740-013-002,24.19933573,120.6546286,https://cctv-ss07.thb.gov.tw:443/T74-13K+810,"臺中市, 西屯區",wsmc9t65
台74線-28-0740-013-003,24.19920843,120.6547211,https://cctv-ss07.thb.gov.tw:443/T74-13K+826,"臺中市, 西屯區",wsmc9t64
中清路/黎明路(右側車流往環中路),24.19661836,120.6574223,https://tcnvr8.taichung.gov.tw/0c8c80d5,"臺中市, 西屯區",wsmc9su5
中清路/1386巷(右側車流往文心路),24.19576389,120.6579964,https://tcnvr4.taichung.gov.tw/abf508c2,"臺中市, 西屯區",wsmc9ssq
經貿路/黎明路(右側車流往河南路),24.19595775,120.6549757,https://tcnvr7.taichung.gov.tw/9c76e1bc,"臺中市, 西屯區",wsmc9sdr
黎明路/經貿路(右側車流往中清路),24.19581615,120.6549234,https://tcnvr7.taichung.gov.tw/b21223dc,"臺中市, 西屯區",wsmc9sdn
中科路/黎明路(右側車流往經貿五路),24.19542327,120.6532929,https://tcnvr3.taichung.gov.tw/8441102c,"臺中市, 西屯區",wsmc9s9h
環中路/中科路(車流往臺灣大道),24.19849882,120.6522177,https://tcnvr4.taichung.gov.tw/00edc28f,"臺中市, 西屯區",wsmc9t0q
中科路/經貿八路(右側車流往環中路),24.19417349,120.6542989,https://tcnvr5.taichung.gov.tw/b9ea8b1b,"臺中市, 西屯區",wsmc9s3v
經貿路/經貿八路(右側車流往河南路),24.19398051,120.6561101,https://tcnvr5.taichung.gov.tw/0929b80e,"臺中市, 西屯區",wsmc9s7h
中科路/經貿七路,24.19207616,120.6561672,https://tcnvr8.taichung.gov.tw/47a5b77c,"臺中市, 西屯區",wsmc9s51
經貿路/經貿七路(監控經貿8地停車場),24.19245279,120.6571534,https://tcnvr4.taichung.gov.tw/3a1d7ed6,"臺中市, 西屯區",wsmc9s5g
經貿七路/中平路(右側車流往中清路),24.19276455,120.6582306,https://tcnvr4.taichung.gov.tw/fa4ad22c,"臺中市, 西屯區",wsmc9sht
中清路/經貿七路(右側車流往大雅交流道),24.19306871,120.6597812,https://tcnvr7.taichung.gov.tw/aaec417a,"臺中市, 北屯區",wsmc9sjy
中清路/庄美街(右側車流往文心路),24.19063995,120.6611798,https://tcnvr8.taichung.gov.tw/db0451cf,"臺中市, 北屯區",wsmc9eyb
中清路/經貿七路(右側車流往大雅交流道),24.19303848,120.6597383,https://tcnvr7.taichung.gov.tw/aaec417a,"臺中市, 北屯區",wsmc9sjw
中清路/庄美街(右側車流往文心路),24.19063257,120.66117,https://tcnvr8.taichung.gov.tw/db0451cf,"臺中市, 北屯區",wsmc9eyb
后庄北路/中清路(右側車流往松竹路),24.18948292,120.6619344,https://tcnvr6.taichung.gov.tw/17c848f5,"臺中市, 北屯區",wsmc9ex3
中清路/后庄路(右側車流往文心路),24.18852717,120.6624369,https://tcnvr4.taichung.gov.tw/2ca455cc,"臺中市, 北屯區",wsmc9ers
中科路/經貿五路(右側車流往環中路),24.19019892,120.6564656,https://tcnvr7.taichung.gov.tw/0349c7d0,"臺中市, 西屯區",wsmc9eeq
經貿路/經貿五路(車流往黎明路),24.19025606,120.6576332,https://tcnvr8.taichung.gov.tw/0d4c2842,"臺中市, 西屯區",wsmc9esn
凱旋路/經貿五路(車流往敦化路),24.1910275,120.6504667,https://tcnvr7.taichung.gov.tw/a3201cb7,"臺中市, 西屯區",wsmc97yf
中科路/敦化路(右側車流往河南路),24.18469089,120.6568178,https://tcnvr4.taichung.gov.tw/5e009d68,"臺中市, 西屯區",wsmc9dew
敦化路/經貿路(右側車流往凱旋路),24.18466007,120.6580542,https://tcnvr8.taichung.gov.tw/814b58e3,"臺中市, 北屯區",wsmc9dst
敦化路/仁平路(右側車流往經貿路),24.18494817,120.6615817,https://tcnvr8.taichung.gov.tw/bad2eaae,"臺中市, 北屯區",wsmc9dxp
中平路/敦化路(右側車流往黎明路),24.18527078,120.6635389,https://tcnvr7.taichung.gov.tw/0b190381,"臺中市, 北屯區",wsmc9fb9
敦化路/中平路(右側車流往中清路),24.18540627,120.6635302,https://tcnvr7.taichung.gov.tw/902dc000,"臺中市, 北屯區",wsmc9fbd
敦化路/中清路(右側車流往經貿路),24.18552267,120.6639671,https://tcnvr7.taichung.gov.tw/02f2216e,"臺中市, 北屯區",wsmc9fbf
中清路/敦化路(右側車流往文心路),24.18577296,120.6640649,https://tcnvr6.taichung.gov.tw/16124390,"臺中市, 北屯區",wsmc9fbu
敦化路/凱旋路(右側車流往環中路),24.18524451,120.651894,https://tcnvr7.taichung.gov.tw/ab97ca85,"臺中市, 西屯區",wsmc9db1
中清路/經貿一路(右側車流往文心路),24.18281025,120.6657828,https://tcnvr6.taichung.gov.tw/efa2b805,"臺中市, 北屯區",wsmc9f65
中清路/雷中街 (右側車流往大雅交流道),24.17982238,120.6673282,https://tcnvr7.taichung.gov.tw/2dd22193,"臺中市, 北屯區",wsmc9cg3
中清路/雷中街 (右側車流往文心路),24.17963554,120.6674519,https://tcnvr4.taichung.gov.tw/3e5e43ca,"臺中市, 北屯區",wsmc9cg2
中清路/文心路(右側車流往進化北路),24.17388493,120.671344,https://tcnvr4.taichung.gov.tw/a1fd3ff4,"臺中市, 北屯區",wsmc9bwp
文心路/河南路(右側車流往台灣大道),24.17172937,120.661197,https://tcnvr5.taichung.gov.tw/1249a3b0,"臺中市, 西屯區",wsmc98qf
文心路/河南路(右側車流往中清路),24.17162631,120.6614229,https://tcnvr4.taichung.gov.tw/9d573a02,"臺中市, 西屯區",wsmc98qc
河南路/經貿路(右側車流往文心路),24.17620333,120.6587669,https://tcnvr8.taichung.gov.tw/0152126a,"臺中市, 西屯區",wsmc99jh
經貿路/河南路(右側車流往環中路),24.17635681,120.6589519,https://tcnvr6.taichung.gov.tw/9d1f0cc3,"臺中市, 西屯區",wsmc99jj
中科路/河南路(右側車流往文心路),24.17613979,120.6550727,https://tcnvr4.taichung.gov.tw/56c91b90,"臺中市, 西屯區",wsmc994k
大鵬路/中科路(右側車流往中清路),24.17809852,120.6553486,https://tcnvr5.taichung.gov.tw/f6d0b8d7,"臺中市, 西屯區",wsmc996x
中科路/中央公園遊客中心(右側車流往河南路),24.17842718,120.6553999,https://tcnvr6.taichung.gov.tw/1e819e22,"臺中市, 西屯區",wsmc99d9
甘肅路/甘河路(右側車流往文心路),24.17399158,120.6555117,https://tcnvr7.taichung.gov.tw/1e730ff1,"臺中市, 西屯區",wsmc98dx
河南路/凱旋路(右側車流往文心路),24.17616364,120.6519236,https://tcnvr8.taichung.gov.tw/20d4b7d5,"臺中市, 西屯區",wsmc990h
大鵬路/經貿路(右側車流往凱旋路),24.17814598,120.6588032,https://tcnvr8.taichung.gov.tw/b99d0ed7,"臺中市, 北屯區",wsmc99mp
凱旋路/大鵬路(右側車流往凱旋七街),24.17812663,120.6518456,https://tcnvr4.taichung.gov.tw/c87d8fd4,"臺中市, 西屯區",wsmc93rz
文心路/甘肅路(右側車流往河南路),24.16958988,120.6560344,https://tcnvr4.taichung.gov.tw/a5eff6da,"臺中市, 西屯區",wsmc3xgn
河南路/福星路(右側車流往臺灣大道),24.17248148,120.645525,https://tcnvr8.taichung.gov.tw/f48fa9a5,"臺中市, 西屯區",wsmc927q
河南路二段與西屯路二段(右側車流往台灣大道),24.17243415,120.64556,https://tcnvr8.taichung.gov.tw/64c90270,"臺中市, 西屯區",wsmc927q
臺灣大道/河南路(右側車流往文心路),24.16796527,120.6407583,https://tcnvr5.taichung.gov.tw/2f4602f7,"臺中市, 西屯區",wsmc3pxu
朝富路/臺灣大道(右側車流往市政路),24.16936983,120.6390103,https://tcnvr4.taichung.gov.tw/0534e517,"臺中市, 西屯區",wsmc3pys
臺灣大道/黎明路(車流往台中交流道),24.17124955,120.636525,https://tcnvr4.taichung.gov.tw/64675c9c,"臺中市, 西屯區",wsmc90hz
臺灣大道/黎明路(車流往文心路),24.17083579,120.6363853,https://tcnvr5.taichung.gov.tw/dc887d45,"臺中市, 西屯區",wsmc90ht
黎明路/朝馬路(右側車流往臺灣大道),24.16922478,120.6360023,https://tcnvr5.taichung.gov.tw/e28a5d7d,"臺中市, 西屯區",wsmc3pu7
朝富路、朝馬路(右側車流往臺灣大道),24.167601,120.6382452,https://tcnvr5.taichung.gov.tw/d9fa49ea,"臺中市, 西屯區",wsmc3pw4
朝馬路/環中路(往工業區拍攝),24.17033012,120.6321057,https://tcnvr5.taichung.gov.tw/54a7ba8e,"臺中市, 西屯區",wsmc901d
台74線-28-0740-009-001,24.17197295,120.6329846,https://cctv-ss07.thb.gov.tw:443/T74-9K+957,"臺中市, 西屯區",wsmc9067
臺灣大道/台74高架橋下(右側車流往台中交流道),24.17277971,120.6342418,https://tcnvr7.taichung.gov.tw/16295b42,"臺中市, 西屯區",wsmc90e0
臺灣大道/環中路(右側車流往文心路),24.17311137,120.6337673,https://tcnvr4.taichung.gov.tw/0efe438e,"臺中市, 西屯區",wsmc90df
國道1號-N1-N-178-O-NE-1,24.17364657,120.6321755,https://cctvc.freeway.gov.tw/abs2mjpg/bmjpg?camera=212,"臺中市, 西屯區",wsmc909t
台74線-28-0740-010-002,24.17461978,120.6342108,https://cctv-ss07.thb.gov.tw:443/T74-10L+126,"臺中市, 西屯區",wsmc90g5
環中路/青海路(右側車流往臺灣大道),24.17638546,120.6340949,https://tcnvr5.taichung.gov.tw/f0471d3a,"臺中市, 西屯區",wsmc915j
台12線-N1-S-178.650-L-台中交流道,24.17641725,120.6285835,https://cctvc.freeway.gov.tw/abs2mjpg/bmjpg?camera=532,"臺中市, 西屯區",wsmc8cpj
國道1號-N1-S-178.400-M,24.17790965,120.6325159,https://cctvc.freeway.gov.tw/abs2mjpg/bmjpg?camera=213,"臺中市, 西屯區",wsmc913y
國道1號-N1-N-179.850-M,24.16722942,120.6239815,https://cctvc.freeway.gov.tw/abs2mjpg/bmjpg?camera=214,"臺中市, 西屯區",wsmc2ze8
國道1號-N1-N-181-O-SE-1,24.14988349,120.6223226,https://cctvc.freeway.gov.tw/abs2mjpg/bmjpg?camera=215,"臺中市, 南屯區",wsmc2u67
台74線-28-0740-007-001,24.14938757,120.6233555,https://cctv-ss07.thb.gov.tw:443/T74-7K+122,"臺中市, 南屯區",wsmc2u70
環中路東側/五權西路(車流往市政路),24.14939223,120.6237594,https://tcnvr3.taichung.gov.tw/455b1041,"臺中市, 南屯區",wsmc2u78
五權西路/龍富路(右側車流往南屯交流道),24.14861477,120.6261735,https://tcnvr6.taichung.gov.tw/8582fc8e,"臺中市, 南屯區",wsmc2uj7
五權西路/益豐路(右側車流往南屯交流道),24.1478308,120.6286418,https://tcnvr5.taichung.gov.tw/e5d8f17e,"臺中市, 南屯區",wsmc2gzp
台74線-28-0740-006-001,24.14576177,120.6231718,https://cctv-ss07.thb.gov.tw:443/T74-6K+744,"臺中市, 南屯區",wsmc2ge5
向上路/環中路 (右側車流往工業區),24.14520921,120.6234794,https://tcnvr5.taichung.gov.tw/66b9a2f0,"臺中市, 南屯區",wsmc2ge2
台74線-28-0740-005-002,24.13585644,120.6220474,https://cctv-ss07.thb.gov.tw:443/T74-5K+587,"臺中市, 南屯區",wsmc2cf3
環中路/龍富十路(右側車流往永春路),24.13536405,120.6231689,https://tcnvr5.taichung.gov.tw/d95abc23,"臺中市, 南屯區",wsmc2cen
台74線-28-0740-005-001,24.13399424,120.6211605,https://cctv-ss04.thb.gov.tw:443/T74-005K+300N,"臺中市, 南屯區",wsmc2c3w
台74線-28-0740-004-001,24.12307935,120.6196055,https://cctv-ss07.thb.gov.tw:443/T74-4K+140,"臺中市, 南屯區",wsmc0z2x
台74高鐵臺中上匝道(往南屯方向),24.12250124,120.619864,https://tcnvr6.taichung.gov.tw/657d7e69,"臺中市, 南屯區",wsmc0z2e
台74線-28-0740-003-001,24.12089053,120.6197692,https://cctv-ss02.thb.gov.tw:443/T74-3+903,"臺中市, 南屯區",wsmc0z0d
高鐵東路/高鐵五路(右側車流往台74),24.11607265,120.6188464,https://tcnvr4.taichung.gov.tw/fa58f812,"臺中市, 烏日區",wsmc0wpy
高鐵東路、高鐵三路,24.11385897,120.618748,https://tcnvr8.taichung.gov.tw/592e7695,"臺中市, 烏日區",wsmc0tzc
台74線-28-0740-002-001,24.11242492,120.6205106,https://cctv-ss02.thb.gov.tw:443/T74-2K+919,"臺中市, 烏日區",wsmc0v91
台1乙線-22-001B-018-001,24.10586364,120.6159953,https://cctv-ss03.thb.gov.tw:443/T1B-018K+390,"臺中市, 烏日區",wsmc0smf
烏日區中山路二段/新興路(右側車流往彰化),24.10584862,120.6159005,https://tcnvr3.taichung.gov.tw/6f54aa23,"臺中市, 烏日區",wsmc0smf
127-22-001B-017-002,24.10428824,120.6247373,https://cctv-ss03.thb.gov.tw:443/T1B-17K+490,"臺中市, 烏日區",wsmc0uh3
新興路-22-001B-016-001,24.10519158,120.6316609,https://cctv-ss03.thb.gov.tw:443/T1B-016K+750,"臺中市, 烏日區",wsmc1h1q
台1乙線-22-001B-015-001,24.11077399,120.6473963,https://cctv-ss03.thb.gov.tw:443/T1B-015K+340,"臺中市, 南區",wsmc1mhz
文心南路/復興路(右側車流往高工路),24.11529977,120.6553866,https://tcnvr3.taichung.gov.tw/365bfbf6,"臺中市, 南區",wsmc1w49
建國北路/大慶街(右側車流往環中路),24.11969431,120.6485269,https://tcnvr6.taichung.gov.tw/117f4967,"臺中市, 南區",wsmc1qve
建國北路/文心南路(右側車流往東興路),24.12059946,120.6499417,https://tcnvr3.taichung.gov.tw/617c2ec2,"臺中市, 南區",wsmc1rn8
建國北路/東興路(右側車流往忠明南路),24.12263954,120.6534135,https://tcnvr8.taichung.gov.tw/e6de0d7c,"臺中市, 南區",wsmc1x3h
三民西路/文心南路(右側車流往中山醫方向),24.12608574,120.6464795,https://tcnvr3.taichung.gov.tw/7f6b2d0c,"臺中市, 南屯區",wsmc32h0
文心南路/文心南六路(右側車流往五權西路),24.13081484,120.6463263,https://tcnvr5.taichung.gov.tw/fa2d8ca5,"臺中市, 南屯區",wsmc32gu
文心南路/文心南五路(右側車流往五權西路),24.13206424,120.6465223,https://tcnvr6.taichung.gov.tw/38f880d7,"臺中市, 南屯區",wsmc33h5
文心南五路/文心南路(右側車流往黎明路),24.13208724,120.6465811,https://tcnvr5.taichung.gov.tw/ff2db7f1,"臺中市, 南屯區",wsmc33h5
五權西路/文心路(右側車流往南屯交流道),24.14012125,120.6466338,https://tcnvr5.taichung.gov.tw/c9ec3cca,"臺中市, 南屯區",wsmc36s4
五權西路/惠文路(右側車流往文心路),24.14096573,120.6422102,https://tcnvr5.taichung.gov.tw/d77ca1d1,"臺中市, 南屯區",wsmc368z
五權西路/黎明路(右側車流往工業區),24.14232086,120.6378055,https://tcnvr6.taichung.gov.tw/d302e123,"臺中市, 南屯區",wsmc34vz
五權西路/永春東七路(右側車流往工業區),24.14437446,120.6342668,https://tcnvr7.taichung.gov.tw/8aec53ac,"臺中市, 南屯區",wsmc3575
五權西路/向上路(右側車流往南屯交流道),24.14553709,120.6323665,https://tcnvr5.taichung.gov.tw/0f1eea2d,"臺中市, 南屯區",wsmc359c
公益路/黎明路(右側車流往環中路),24.15131438,120.6351575,https://tcnvr5.taichung.gov.tw/f04e5099,"臺中市, 南屯區",wsmc3heg
向上路/惠文路(右側車流往文心路),24.14682731,120.6439051,https://tcnvr5.taichung.gov.tw/a801b886,"臺中市, 南屯區",wsmc37f1
文心路/向上南路(右側車流往臺灣大道),24.14496793,120.6467458,https://tcnvr5.taichung.gov.tw/7ba3d794,"臺中市, 南屯區",wsmc37kq
五權西路/東興路(右側車流往工業區),24.14012897,120.6530037,https://tcnvr6.taichung.gov.tw/c4d8f9ee,"臺中市, 南屯區",wsmc3d8f
五權西路/忠明南路(右側車流往美村路),24.14010114,120.6573078,https://tcnvr6.taichung.gov.tw/cb1457be,"臺中市, 西區",wsmc3def
向上南路/東興路(右側車流往文心路),24.14500571,120.6530424,https://tcnvr8.taichung.gov.tw/7ca1ad23,"臺中市, 西區",wsmc3e2y
向上路/東興路(右側車流往文心路),24.1466932,120.6529596,https://tcnvr3.taichung.gov.tw/700ebae3,"臺中市, 西區",wsmc3ebb
向上路/忠明南路(右側車流往民權路方向),24.14670329,120.6572441,https://tcnvr8.taichung.gov.tw/5e8576ad,"臺中市, 西區",wsmc3egb
公益路/忠明南路(右側車流往市民廣場),24.15083249,120.6572463,https://tcnvr3.taichung.gov.tw/f13df0d7,"臺中市, 西區",wsmc3seb
公益路/大墩路(右側車流往環中路),24.15088557,120.6498459,https://tcnvr7.taichung.gov.tw/7ebde69e,"臺中市, 南屯區",wsmc3kw9
公益路/文心路(右側車流往忠明南路),24.15091931,120.6466772,https://tcnvr5.taichung.gov.tw/ba31aa33,"臺中市, 南屯區",wsmc3ks1
文心路/公益路(右側車流往向上路),24.15099693,120.6466842,https://tcnvr5.taichung.gov.tw/3a91ca0c,"臺中市, 南屯區",wsmc3ks1
市政路/惠中路(右側車流往臺灣大道),24.15771128,120.6418178,https://tcnvr1.taichung.gov.tw:7001/media/00-D0-89-18-98-6E.mpjpeg?resolution=240p&auth=cHVibGljdmlld2VyOjYzNWY5NzVjODk3Njg6NjM4ZGJmYzk3OWNlNDQwNjk4YTM2NGJjYjAxNzgzYmM,"臺中市, 西屯區",wsmc3mb8
市政路/河南路(右側車流往環中路),24.16044992,120.6362933,https://tcnvr8.taichung.gov.tw/68e1a5a7,"臺中市, 西屯區",wsmc3nk8
市政路/環中路(右側車流往文心路),24.16278047,120.6290579,https://tcnvr5.taichung.gov.tw/db55f047,"臺中市, 西屯區",wsmc2yxq
台74線-28-0740-008-001,24.16123593,120.6279516,https://cctv-ss07.thb.gov.tw:443/T74-8K+564,"臺中市, 西屯區",wsmc2yqt
市政北七路/惠中路(右側車流往市政路),24.16282596,120.6451963,https://tcnvr4.taichung.gov.tw/ce500183,"臺中市, 西屯區",wsmc3qen
惠中路/市政北七路(右側車流往臺灣大道),24.16259403,120.6450438,https://tcnvr7.taichung.gov.tw/f3f35366,"臺中市, 西屯區",wsmc3qej
市政北七路/惠中路(右側車流往百貨商圈),24.16266528,120.6453159,https://tcnvr8.taichung.gov.tw/393a8794,"臺中市, 西屯區",wsmc3qej
臺灣大道/惠中路(右側車流往文心路),24.16436248,120.6461821,https://tcnvr7.taichung.gov.tw/89ddd0c6,"臺中市, 西屯區",wsmc3qgz
臺灣大道/惠來路(右側車流往文心路),24.16568441,120.6435839,https://tcnvr7.taichung.gov.tw/a32613e3,"臺中市, 西屯區",wsmc3r1z
臺灣大道/惠來路(右側車流往台中交流道),24.16584449,120.6435819,https://tcnvr8.taichung.gov.tw/abf1483a,"臺中市, 西屯區",wsmc3r3b
臺灣大道/河南路(右側車流往文心路),24.16812684,120.640561,https://tcnvr5.taichung.gov.tw/2f4602f7,"臺中市, 西屯區",wsmc3pxv
朝富路/臺灣大道(右側車流往市政路),24.16920969,120.6392324,https://tcnvr4.taichung.gov.tw/0534e517,"臺中市, 西屯區",wsmc3pyg
"朝富路、朝馬路(右側車流往臺灣大道),",24.1676132,120.6382551,https://tcnvr5.taichung.gov.tw/d9fa49ea,"臺中市, 西屯區",wsmc3pw4
福科路/黎明路(右側車流往西屯路),24.17897068,120.6374595,https://tcnvr8.taichung.gov.tw/d932a478,"臺中市, 西屯區",wsmc91ts
黎明路三段與上安路 (右側車流往台灣大道),24.17323587,120.6372606,https://tcnvr5.taichung.gov.tw/377c3866,"臺中市, 西屯區",wsmc90t7
黎明路/廣福路(車流往中清路),24.19242024,120.6454631,https://tcnvr1.taichung.gov.tw:7001/media/00-D0-89-18-98-48.mpjpeg?resolution=240p&auth=cHVibGljdmlld2VyOjYzNWY5ZDA0NTY2ZDA6NWZiYWM3NzU0OWM2NTE0YTJhNmRkYTIyN2FkYTQyODc,"臺中市, 西屯區",wsmc9k57
環中路/廣福路(右側車流往台灣大道),24.19482121,120.6441687,https://tcnvr5.taichung.gov.tw/5f1c83f5,"臺中市, 西屯區",wsmc9kd3
台74線-28-0740-012-001,24.19590194,120.6464382,https://cctv-ss07.thb.gov.tw:443/T74-12K+880,"臺中市, 西屯區",wsmc9ksp
環中路/凱旋路(車流往中清路)07079,24.19599798,120.6476106,https://tcnvr6.taichung.gov.tw/d0488ceb,"臺中市, 西屯區",wsmc9ksz
環中路/凱旋路(車流往中清路)7205,24.19613801,120.647804,https://tcnvr5.taichung.gov.tw/34f01c07,"臺中市, 西屯區",wsmc9kv0
凱旋路/港隆街(右側車流往河南路),24.19547298,120.6481402,https://tcnvr8.taichung.gov.tw/eeed81f2,"臺中市, 西屯區",wsmc9ktk
07078環中路/凱旋路(車流往臺灣大道),24.19658119,120.6475291,https://tcnvr8.taichung.gov.tw/79bc3d88,"臺中市, 西屯區",wsmc9kug
環中路/中央公園北側停車場(車流往中清路),24.1968681,120.6495803,https://tcnvr7.taichung.gov.tw/f4c688a1,"臺中市, 西屯區",wsmc9kyk
台74線-28-0740-013-001,24.19739672,120.6504034,https://cctv-ss02.thb.gov.tw:443/T74-13K+500,"臺中市, 西屯區",wsmc9mnb
凱旋路/黎明路(右側車流往經貿五路),24.1937605,120.6489193,https://tcnvr6.taichung.gov.tw/f23e08f7,"臺中市, 西屯區",wsmc9kmf
西安街/西安街277巷,24.1819471,120.6481978,https://tcnvr8.taichung.gov.tw/877920f3,"臺中市, 西屯區",wsmc96jq
文心路/櫻花路(右側車流往長安國,24.16778719,120.6541454,https://tcnvr7.taichung.gov.tw/5424f2a2,"臺中市, 西屯區",wsmc3x9e
文心路/青海路(右側車流往臺灣大道),24.16594926,120.6518421,https://tcnvr6.taichung.gov.tw/92cb8667,"臺中市, 西屯區",wsmc3rrb
臺灣大道/文心路(右側車流往台中車站),24.16279156,120.6495756,https://tcnvr4.taichung.gov.tw/b8f67965,"臺中市, 西屯區",wsmc3qwq
臺灣大道/大墩路(右側車流往台中交流道),24.1607057,120.6532042,https://tcnvr3.taichung.gov.tw/6079925e,"臺中市, 西屯區",wsmc3w2f
臺灣大道/東興路(右側車流往台中火車站),24.15921962,120.6559757,https://tcnvr8.taichung.gov.tw/c0415ae1,"臺中市, 西屯區",wsmc3w51
向上路/美村路(右側車流往忠明南路),24.14673677,120.6617406,https://tcnvr8.taichung.gov.tw/5c0f91c9,"臺中市, 西區",wsmc3ez0
向上路/英才路(右側車流往忠明南路),24.1467355,120.6653657,https://tcnvr8.taichung.gov.tw/882f4ff1,"臺中市, 西區",wsmc3gcb
公益路/市民廣場(右側車流往文心路),24.15083634,120.6643195,https://tcnvr6.taichung.gov.tw/85b2f222,"臺中市, 西區",wsmc3u90
益路/忠明南路(右側車流往市民廣場),24.15083142,120.6572215,https://tcnvr3.taichung.gov.tw/f13df0d7,"臺中市, 西區",wsmc3seb
向上路/民權路 (右側車流往環中路),24.14671866,120.6697713,https://tcnvr8.taichung.gov.tw/a0c380c2,"臺中市, 西區",wsmc3gv0
民權路/五權路(右側車流往三民路),24.14551496,120.671243,https://tcnvr8.taichung.gov.tw/395905c0,"臺中市, 西區",wsmc3gw1
臺灣大道/五權路(右側車流往台中車站),24.14735055,120.6732602,https://tcnvr3.taichung.gov.tw/39ad6688,"臺中市, 西區",wsmc3gzs
林森路/五權路(右側車流往建國路),24.1411641,120.6666792,https://tcnvr3.taichung.gov.tw/fbfc69a5,"臺中市, 西區",wsmc3ffb
五權西路/五權路(右側車流往南屯交流道) ),24.14020636,120.6656924,https://tcnvr6.taichung.gov.tw/b067bfb8,"臺中市, 西區",wsmc3fd4
五權西路/美村路(右側車流往南屯交流道),24.1402054,120.6617219,https://tcnvr3.taichung.gov.tw/0b25a7a0,"臺中市, 西區",wsmc3dx4
忠明南路/復興路(右側車流往中投公路),24.12192351,120.6615297,https://tcnvr3.taichung.gov.tw/80fde489,"臺中市, 南區",wsmc1xr0
西屯路/漢口路(右側車流往忠明路方向),24.16428837,120.6601051,https://tcnvr8.taichung.gov.tw/c044ed01,"臺中市, 西屯區",wsmc3wyp
臺灣大道/忠明路(右側車流往台中車站),24.15710678,120.6595388,https://tcnvr3.taichung.gov.tw/b07122e5,"臺中市, 西區",wsmc3ttt
臺灣大道/美村路(右側車流往五權路),24.15549369,120.6624189,https://tcnvr7.taichung.gov.tw/0b201317,"臺中市, 西區",wsmc3tre
臺灣大道/館前路( 右側車流往台中交流道),24.15478644,120.6640043,https://tcnvr6.taichung.gov.tw/0a27f44a,"臺中市, 西區",wsmc3v0z
臺灣大道/英才路(右側車流往台中交流道),24.15311203,120.6668993,https://tcnvr3.taichung.gov.tw/de5c978c,"臺中市, 西區",wsmc3ufy
臺灣大道/民權路(右側車流往台中車站),24.15110439,120.6699087,https://tcnvr6.taichung.gov.tw/5215b60d,"臺中市, 西區",wsmc3ut4
中清路/五權路(右側車流往文心路),24.15134615,120.6771851,https://tcnvr6.taichung.gov.tw/16883ac1,"臺中市, 北區",wsmc6hd7
中清路/英才路(右側車流往五權路方向),24.15576017,120.6769255,https://tcnvr8.taichung.gov.tw/76bef5f2,"臺中市, 北區",wsmc6j6m
中清路/健行路 (右側車流往五權路),24.15935361,120.6756994,https://tcnvr6.taichung.gov.tw/d7f1b203,"臺中市, 北區",wsmc6n16
忠明路/中清路(右側車流往崇德路),24.16297337,120.6744619,https://tcnvr6.taichung.gov.tw/c7f321f9,"臺中市, 北區",wsmc6n8r
中清路/忠明路,24.16292927,120.6746184,https://tcnvr6.taichung.gov.tw/a5cab4b3,"臺中市, 北區",wsmc6n8x
中清路/漢口路(右側車流往五權路),24.16695819,120.6732224,https://tcnvr6.taichung.gov.tw/03fe16b4,"臺中市, 北區",wsmc3zrw
忠明路/西屯路(右側車流往中清路方向),24.16208243,120.6640905,https://tcnvr3.taichung.gov.tw/0b13d027,"臺中市, 北區",wsmc3y8f
五權路/學士路 (右側車流往中清路),24.15343538,120.6826283,https://tcnvr6.taichung.gov.tw/16b8b6b3,"臺中市, 北區",wsmc6hyr
五順街 (中國醫藥大學重症大樓後門),24.1541892,120.6828426,https://tcnvr8.taichung.gov.tw/b9173299,"臺中市, 北區",wsmc6jns
三民路/五權路/崇德路(右側車流往北屯路),24.15451652,120.6859602,https://tcnvr3.taichung.gov.tw/45d41920,"臺中市, 北區",wsmc6m0y
學士路/健行路 (右側車流往五權路),24.15913664,120.6809188,https://tcnvr6.taichung.gov.tw/376ed5c3,"臺中市, 北區",wsmc6nj1
健行路/崇德路 (右側車流往北屯路),24.15918387,120.6847382,https://tcnvr6.taichung.gov.tw/f71a3185,"臺中市, 北區",wsmc6npc
進化北路/崇德路(右側車流往五權路),24.16315317,120.6851185,https://tcnvr8.taichung.gov.tw/e387aedf,"臺中市, 北區",wsmc6qb0
進化北路/學士路(右側車流往崇德路),24.16318439,120.6809928,https://tcnvr8.taichung.gov.tw/29bf2426,"臺中市, 北區",wsmc6nv0
北屯路/進化北路(右側車流往文心路),24.16201881,120.692718,https://tcnvr4.taichung.gov.tw/e9321db3,"臺中市, 北屯區",wsmc6qtc
北屯路/健行路口(右側車流往崇德路),24.15903746,120.6912344,https://tcnvr6.taichung.gov.tw/eb23c21b,"臺中市, 北區",wsmc6qh8
北屯路/松竹路(右側車流往潭子),24.18183101,120.701957,https://tcnvr7.taichung.gov.tw/1ef771e5,"臺中市, 北屯區",wsmcddhm
南興三路/北屯路426之8巷(右側車流往松竹車站) ),24.17827032,120.7013889,https://tcnvr6.taichung.gov.tw/54edfa3b,"臺中市, 北屯區",wsmcd9s0
北屯路/文心路(右側車流往進化北路),24.1704351,120.6977896,https://tcnvr3.taichung.gov.tw/ffc35f62,"臺中市, 北屯區",wsmcd816
北屯路/太原路(右側車流往文心路),24.16494736,120.6941421,https://tcnvr7.taichung.gov.tw/19237996,"臺中市, 北屯區",wsmc6rng
北屯路/進化北路(右側車流往文心路),24.16202059,120.6927226,https://tcnvr4.taichung.gov.tw/e9321db3,"臺中市, 北屯區",wsmc6qtc
崇德路/太原路(右側車流往文心路),24.16498334,120.684987,https://tcnvr8.taichung.gov.tw/38724822,"臺中市, 北區",wsmc6r05
崇德路/漢口路(右側車流往文心路),24.1669593,120.6850921,https://tcnvr6.taichung.gov.tw/55feda6e,"臺中市, 北區",wsmc6r2n
德路二段/文心路四段(右側車流往進化北路),24.17216615,120.6855036,https://tcnvr4.taichung.gov.tw/b50d4402,"臺中市, 北屯區",wsmcd22t
文心路/昌平路(右側車流往崇德路),24.17160431,120.6910028,https://tcnvr6.taichung.gov.tw/ad223d60,"臺中市, 北屯區",wsmcd2k9
三民路/太平路(往五權路方向),24.1482842,120.6833914,https://tcnvr7.taichung.gov.tw/4f63f1ac,"臺中市, 北區",wsmc6hnc
三民路/精武路(右側車流往一中方向),24.1457833,120.6824145,https://tcnvr7.taichung.gov.tw/2c3e82cb,"臺中市, 北區",wsmc65w7
雙十路/精武路(右側車流往臺灣體育大學),24.14622875,120.6860666,https://tcnvr3.taichung.gov.tw/33a48e33,"臺中市, 北區",wsmc678v
公園路/自由路(右側車流往雙十路方向),24.14226664,120.684399,https://tcnvr7.taichung.gov.tw/de93a9d2,"臺中市, 中區",wsmc64zw
臺灣大道/柳川西路(右側車流往建國路),24.14413424,120.6775075,https://tcnvr3.taichung.gov.tw/584f2157,"臺中市, 中區",wsmc6569
民權路/柳川東路(右側車流往向上路),24.14136113,120.6759658,https://tcnvr6.taichung.gov.tw/2918be43,"臺中市, 西區",wsmc64c9
台74線-28-0740-001-001,24.10301569,120.6128629,https://cctv-ss04.thb.gov.tw:443/T74-1K+650,"臺中市, 烏日區",wsmc0egd
台63線-28-0630-004-001,24.08760935,120.6643426,https://cctv-ss04.thb.gov.tw:443/T63-004K+750,"臺中市, 大里區",wsmc1c10
國光路一段-22-0030-189-002,24.09462133,120.6876012,https://cctv-ss03.thb.gov.tw:443/T3-189K+850,"臺中市, 大里區",wsmc4661
國光路一段-22-0030-189-001,24.09612952,120.6858153,https://cctv-ss03.thb.gov.tw:443/T3-189K+750,"臺中市, 大里區",wsmc468d
台63橋下道路-28-0630-002-001,24.10225331,120.6715866,https://cctv-ss04.thb.gov.tw:443/T63-2K+900,"臺中市, 大里區",wsmc1gwm
台63線-28-0630-001-001,24.1108855,120.6701515,https://cctv-ss04.thb.gov.tw:443/T63-1K+850,"臺中市, 大里區",wsmc1vm2
台3線-22-0030-187-001,24.11035543,120.679561,https://cctv-ss03.thb.gov.tw:443/T3-187K+900,"臺中市, 大里區",wsmc4jhj
五權南路/高工路(右側車流往中投公路),24.11478504,120.6701117,https://tcnvr6.taichung.gov.tw/59ab2393,"臺中市, 南區",wsmc1vvq
五權南路/忠明南路(右側車流往復興路),24.11901137,120.6700449,https://tcnvr3.taichung.gov.tw/35d7a073,"臺中市, 南區",wsmc1ytp
忠明南路/國光路(右側車流往建國路),24.11902926,120.6792744,https://tcnvr3.taichung.gov.tw/c3c46934,"臺中市, 南區",wsmc4nez
中興路二段/大智路(右側車流往大里方向),24.11981201,120.6887767,https://tcnvr8.taichung.gov.tw/5c514232,"臺中市, 大里區",wsmc4qfu
建成路/忠孝路(右側車流往大智路),24.1330592,120.6936824,https://tcnvr8.taichung.gov.tw/f526770e,"臺中市, 東區",wsmc63q3
復興東一街/忠孝路(右側車流往復興路),24.1336136,120.6917143,https://tcnvr8.taichung.gov.tw/2e65ffd2,"臺中市, 東區",wsmc63mh
忠孝路/振興路(右側車流往建成路),24.13354199,120.6913712,https://tcnvr6.taichung.gov.tw/3e2dd67e,"臺中市, 東區",wsmc63ku
樂業二路/進德路(右側車流往振興路),24.13480256,120.6930189,https://tcnvr8.taichung.gov.tw/d9216d9c,"臺中市, 東區",wsmc63tg
進德路/樂業二路(右側車流往復興東路),24.13473738,120.6930229,https://tcnvr1.taichung.gov.tw:7001/media/00-21-50-00-19-3B.mpjpeg?resolution=240p&auth=cHVibGljdmlld2VyOjYzNWZiMDhiZjhlYjg6OTMxYjU4ZjdkZjk1OTMyYzJmZWNiMWJhZDFkMTAwY2M,"臺中市, 東區",wsmc63tg
振興路/復興路(右側車流往忠孝路),24.13706253,120.6891046,https://tcnvr4.taichung.gov.tw/1a1fc1f4,"臺中市, 東區",wsmc6650
大智北路/復興路口(右側車流往建成路),24.13679929,120.6877568,https://tcnvr1.taichung.gov.tw:7001/media/00-12-17-39-6B-93.mpjpeg?resolution=240p&auth=cHVibGljdmlld2VyOjYzNWZiMGQ1MWI5Mzg6YjM2ZjRlYjI4ZGNjODJiZTJmOGJmZTE1YWM4MDUxMzk,"臺中市, 東區",wsmc63fp
復興路/臺中後火車站(右側車流往台中路),24.13593334,120.6864286,https://tcnvr4.taichung.gov.tw/7155106f,"臺中市, 東區",wsmc63c4
民權路/建國路(右側車流往向上路),24.13585937,120.6822182,https://tcnvr8.taichung.gov.tw/236a0abe,"臺中市, 西區",wsmc61y1
台中路/復興路(右側車流往建成路),24.13443272,120.682928,https://tcnvr6.taichung.gov.tw/9ddb741d,"臺中市, 南區",wsmc61w9
臺灣大道/建國路(右側車流往文心路),24.13768934,120.6847547,https://tcnvr6.taichung.gov.tw/542a2cf9,"臺中市, 中區",wsmc64pu
台74線-28-0740-030-001,24.11471297,120.6997967,https://cctv-ss07.thb.gov.tw:443/T74-30K+132,"臺中市, 大里區",wsmc4tfy
台74線-28-0740-029-001,24.12228519,120.7013927,https://cctv-ss02.thb.gov.tw:443/T74-29K+407,"臺中市, 大里區",wsmc4xk4
精武路/旱溪東路(右側車流往進化路),24.14801426,120.7005773,https://tcnvr5.taichung.gov.tw/f86ef8d1,"臺中市, 太平區",wsmc6s52
國道3號-N3-N-204.294-M,24.08307921,120.6217015,https://cctvc.freeway.gov.tw/abs2mjpg/bmjpg?camera=28,"臺中市, 烏日區",wsmc0b4n
國道3號-N3-N-204.900-M,24.0813874,120.6281459,https://cctvc.freeway.gov.tw/abs2mjpg/bmjpg?camera=700,"彰化縣, 烏日區",wsmbbzys
國道3號-N3-S-206.000-M,24.07407168,120.6352522,https://cctvc.freeway.gov.tw/abs2mjpg/bmjpg?camera=436,"彰化縣, 烏日區",wsmbcnec
國道3號-N3-S-207.241-M,24.06834657,120.645425,https://cctvc.freeway.gov.tw/abs2mjpg/bmjpg?camera=272,"彰化縣, 烏日區",wsmbcme2
國道3號-N3-S-207.995-M,24.06770306,120.6528086,https://cctvc.freeway.gov.tw/abs2mjpg/bmjpg?camera=995,"臺中市, 霧峰區",wsmbct2s
國道3號-N3-N-208.904-M,24.06586964,120.6616583,https://cctvc.freeway.gov.tw/abs2mjpg/bmjpg?camera=273,"臺中市, 霧峰區",wsmbctp1
中投西路二段-28-0630-006-001,24.07396163,120.6632757,https://cctv-ss04.thb.gov.tw:443/T63-6K+400,"南投縣, 霧峰區",wsmbcy82
國道3號-N3-N-210.060-M,24.06113721,120.6702641,https://cctvc.freeway.gov.tw/abs2mjpg/bmjpg?camera=340,"臺中市, 霧峰區",wsmbcujq
國道3號-N3-N-210.565-M,24.05804574,120.6742023,https://cctvc.freeway.gov.tw/abs2mjpg/bmjpg?camera=559,"臺中市, 霧峰區",wsmbf58k
國道3號-N3-N-210.500-M,24.05783142,120.6745295,https://cctvc.freeway.gov.tw/abs2mjpg/bmjpg?camera=488,"臺中市, 霧峰區",wsmbf58e
國道3號-N3-S-211.396-M,24.05129817,120.6782086,https://cctvc.freeway.gov.tw/abs2mjpg/bmjpg?camera=274,"臺中市, 霧峰區",wsmbf47h
國道3號-28-0740-038-001,24.05185663,120.6808808,https://cctv-ss07.thb.gov.tw:443/T74-38K+265,"臺中市, 霧峰區",wsmbf4t0
國道3號-28-0740-038-002,24.05259083,120.6818376,https://cctv-ss02.thb.gov.tw:443/T74-38K+167,"臺中市, 霧峰區",wsmbf4tu
國道3號-N3-N-212.250-M,24.04456037,120.6787893,https://cctvc.freeway.gov.tw/abs2mjpg/bmjpg?camera=341,"臺中市, 霧峰區",wsmbf15t
台63線-28-0630-011-001,24.03524856,120.6834145,https://cctv-ss04.thb.gov.tw:443/T63-011K+800,"南投縣, 霧峰區",wsmbdpqz
國道3號-N3-S-213.401-M,24.03414299,120.6735545,https://cctvc.freeway.gov.tw/abs2mjpg/bmjpg?camera=275,"臺中市, 霧峰區",wsmb9zrc
國道3號-N3-N-214.357-M,24.02662058,120.6683318,https://cctvc.freeway.gov.tw/abs2mjpg/bmjpg?camera=1101,"臺中市, 霧峰區",wsmb9vgv
國道6號-N6-W-0.100-O-WS-霧峰系統交流道,24.02494983,120.6730517,https://cctvc.freeway.gov.tw/abs2mjpg/bmjpg?camera=120,"臺中市, 霧峰區",wsmb9vx7
國道6號-N6-E-1.700-M,24.01771649,120.6864944,https://cctvc.freeway.gov.tw/abs2mjpg/bmjpg?camera=402,"臺中市, 霧峰區",wsmbdk31
國道6號-N6-E-2.450-M,24.01402241,120.6922396,https://cctvc.freeway.gov.tw/abs2mjpg/bmjpg?camera=490,"臺中市, 霧峰區",wsmbd7t7
國道6號-N6-E-2.030-M,24.01398289,120.6924307,https://cctvc.freeway.gov.tw/abs2mjpg/bmjpg?camera=373,"臺中市, 霧峰區",wsmbd7te
台3線-22-0030-199-004,24.01257327,120.6958863,https://cctv-ss03.thb.gov.tw:443/T3-199K+800(S),"臺中市, 霧峰區",wsmbde25
台3線-22-0030-199-002,24.0132685,120.6957143,https://cctv-ss03.thb.gov.tw:443/T3-199K+810S,"臺中市, 霧峰區",wsmbd7rz
台3線-22-0030-199-003,24.013322,120.6957141,https://cctv-ss03.thb.gov.tw:443/T3-199K+800(N),"臺中市, 霧峰區",wsmbd7rz
台3線-22-0030-199-001,24.01363533,120.6958031,https://cctv-ss03.thb.gov.tw:443/T3-199K+700N,"臺中市, 霧峰區",wsmbde81
國道6號-22-1180-004-001,24.01299425,120.69681,https://cctv-ss03.thb.gov.tw:443/T118-004K+700,"臺中市, 霧峰區",wsmbde2t
國道6號-N6-W-3.090-M,24.01186339,120.6984691,https://cctvc.freeway.gov.tw/abs2mjpg/bmjpg?camera=90,"臺中市, 霧峰區",wsmbde1z
國道6號-N6-E-4.205-M,24.00736032,120.7080603,https://cctvc.freeway.gov.tw/abs2mjpg/bmjpg?camera=374,"臺中市, 霧峰區",wsmbdf2v
中正路-22-0030-195-001,24.05037931,120.6941527,https://cctv-ss03.thb.gov.tw:443/T3-195K+400,"臺中市, 霧峰區",wsmbf6nz
台3線-22-0030-195-002,24.05265559,120.6953535,https://cctv-ss04.thb.gov.tw:443/T3-195K+200,"臺中市, 霧峰區",wsmbf6xs
台74線-28-0740-036-002,24.06108441,120.6891434,https://cctv-ss02.thb.gov.tw:443/T74-36K+934,"臺中市, 霧峰區",wsmbfk5j
台74線-28-0740-036-001,24.06941157,120.6903575,https://cctv-ss02.thb.gov.tw:443/T74-36K+110,"臺中市, 霧峰區",wsmbfmsn
台74線-28-0740-035-002,24.07356661,120.6873941,https://cctv-ss02.thb.gov.tw:443/T74-35+430,"臺中市, 大里區",wsmbfq3y
台74線-28-0740-035-001,24.0762133,120.6838641,https://cctv-ss04.thb.gov.tw:443/T74-35K+050,"臺中市, 大里區",wsmbfnzq
大里區中山路（台74草湖匝道旁）,24.07912036,120.6821753,https://tcnvr4.taichung.gov.tw/14aba663,"臺中市, 大里區",wsmbfpqp
台74線-28-0740-034-002,24.07937584,120.6823458,https://cctv-ss02.thb.gov.tw:443/T74-34K-652,"臺中市, 大里區",wsmbfpw0
台74線-28-0740-034-001,24.08356371,120.6826713,https://cctv-ss04.thb.gov.tw:443/T74-34K+150,"臺中市, 大里區",wsmc40q2
台74線-28-0740-033-001,24.08695425,120.6830126,https://cctv-ss02.thb.gov.tw:443/T74-33K+760,"臺中市, 大里區",wsmc40ys
林森路-22-0030-193-001,24.07007046,120.6967597,https://cctv-ss03.thb.gov.tw:443/T3-193K+250,"臺中市, 霧峰區",wsmbftbd
台74線-28-0740-032-001,24.10037292,120.6917246,https://cctv-ss07.thb.gov.tw:443/T74-32K+000,"臺中市, 大里區",wsmc47m4
太平路/甲堤路(右側車流往環中東路),24.12910992,120.7071566,https://tcnvr4.taichung.gov.tw/063ae05e,"臺中市, 太平區",wsmc6b86
台74線-28-0740-027-001,24.13532493,120.709121,https://cctv-ss07.thb.gov.tw:443/T74-27K+699,"臺中市, 太平區",wsmc6c9w
中山路/樹孝路(右側車流往環中東路),24.14883329,120.7159572,https://tcnvr8.taichung.gov.tw/293928a6,"臺中市, 太平區",wsmc6unt
台74線-28-0740-025-001,24.14940062,120.7144758,https://cctv-ss07.thb.gov.tw:443/T74-25K+994,"臺中市, 太平區",wsmc6um8
環中東路/中山路(右側車流往大里),24.14923405,120.7145369,https://tcnvr7.taichung.gov.tw/58baa416,"臺中市, 太平區",wsmc6ujx
(太平)中山路/大興路(右側車流往祥順路方向),24.15055171,120.7332184,https://tcnvr3.taichung.gov.tw/34322d8f,"臺中市, 太平區",wsmc7k7p
太原路/環中東路西側(右側車流往祥順路),24.16315095,120.7191123,https://tcnvr6.taichung.gov.tw/e3dc9c09,"臺中市, 北屯區",wsmc7nbb
太原路/環中東路東側(右側車流往北屯路),24.163089,120.7195814,https://tcnvr7.taichung.gov.tw/36beff83,"臺中市, 北屯區",wsmc7nc2
台74線-28-0740-024-001,24.1623727,120.7188702,https://cctv-ss07.thb.gov.tw:443/T74-24K+474,"臺中市, 北屯區",wsmc7n8u
環中東路/建軍二街(太原下匝道車流往東山路),24.16198754,120.7191019,https://tcnvr8.taichung.gov.tw/704bcbd3,"臺中市, 北屯區",wsmc7n8c
太原路/樹孝路(右側車流往環中東路),24.162175,120.7231101,https://tcnvr7.taichung.gov.tw/4fc1578d,"臺中市, 北屯區",wsmc7nef
太原路/景賢六路(右側車流往環中東路),24.1646062,120.7119813,https://tcnvr4.taichung.gov.tw/4965d754,"臺中市, 北屯區",wsmc6z5c
台74 西向 松竹下匝道,24.17498821,120.7211136,https://tcnvr6.taichung.gov.tw/7d81a568,"臺中市, 北屯區",wsmce0fm
環中東路/東山路(右側車流往太原路),24.17605942,120.7209937,https://tcnvr8.taichung.gov.tw/c2cfd47e,"臺中市, 北屯區",wsmce147
台74線-28-0740-022-001,24.17581305,120.7208467,https://cctv-ss02.thb.gov.tw:443/T74-22K+976,"臺中市, 北屯區",wsmce144
松竹路/環中東路(右側車流往太原路),24.18185829,120.7213818,https://tcnvr7.taichung.gov.tw/2f0e52f1,"臺中市, 北屯區",wsmce44t
松竹路/環中東路(右側車流往北屯路),24.18195778,120.7215358,https://tcnvr6.taichung.gov.tw/1cbf127d,"臺中市, 北屯區",wsmce44w
環中東路/松竹路 (車流往東山路),24.18205512,120.7215337,https://tcnvr6.taichung.gov.tw/62edc1ba,"臺中市, 北屯區",wsmce44w
松竹路/松竹二路(右側車流往環中東路 ),24.18228516,120.717789,https://tcnvr7.taichung.gov.tw/d799977e,"臺中市, 北屯區",wsmce420
松竹路/松竹一路(右側車流往環中東路),24.18121375,120.7243779,https://tcnvr6.taichung.gov.tw/6e0ac493,"臺中市, 北屯區",wsmce4hc
台74線-28-0740-021-001,24.18969844,120.722437,https://cctv-ss07.thb.gov.tw:443/T74-21K+422,"臺中市, 北屯區",wsmce5e7
經補路/東山路(右側車流往祥順路),24.17699646,120.7337128,https://tcnvr6.taichung.gov.tw/fd84c5f0,"臺中市, 北屯區",wsmce379
東山路/祥順路(右側車流往大坑九號步道),24.17848423,120.7373532,https://tcnvr3.taichung.gov.tw/d9d3d4ce,"臺中市, 北屯區",wsmce3w3
國道4號-N4-W-27-I-NW-1-匝道1,24.19896349,120.717954,https://cctvc.freeway.gov.tw/abs2mjpg/bmjpg?camera=915,"臺中市, 潭子區",wsmcej21
台74線-28-0740-019-001,24.20015235,120.7141279,https://cctv-ss02.thb.gov.tw:443/T74-19K+600-1,"臺中市, 潭子區",wsmcdvt2
台74線-28-0740-019-002,24.20064908,120.7110247,https://cctv-ss02.thb.gov.tw:443/T74-19K+600-2,"臺中市, 潭子區",wsmcdve4
台74線-28-0740-019-003,24.20049921,120.7066097,https://cctv-ss07.thb.gov.tw:443/T74-19K+120,"臺中市, 潭子區",wsmcdtxf
國道4號-N4-E-27.105-M,24.20448414,120.7167476,https://cctvc.freeway.gov.tw/abs2mjpg/bmjpg?camera=871,"臺中市, 潭子區",wsmcdyr3
國道4號-N4-E-26.546-M,24.20919844,120.7167458,https://cctvc.freeway.gov.tw/abs2mjpg/bmjpg?camera=870,"臺中市, 潭子區",wsmcdzpk
國道4號-N4-W-26.000-M,24.21335609,120.7184548,https://cctvc.freeway.gov.tw/abs2mjpg/bmjpg?camera=914,"臺中市, 潭子區",wsmcepbm
國道4號-N4-W-25.971-M,24.21470931,120.717259,https://cctvc.freeway.gov.tw/abs2mjpg/bmjpg?camera=913,"臺中市, 潭子區",wsmcfbps
國道4號-N4-E-25.971-M,24.2144714,120.7174422,https://cctvc.freeway.gov.tw/abs2mjpg/bmjpg?camera=869,"臺中市, 潭子區",wsmcfbpg
潭子聯絡道/國4匝道口(右側車流往福貴路),24.21499268,120.718566,https://tcnvr3.taichung.gov.tw/590b903f,"臺中市, 潭子區",wsmcg00w
國道4號-N4-W-25.500-M,24.21719721,120.7186193,https://cctvc.freeway.gov.tw/abs2mjpg/bmjpg?camera=912,"臺中市, 潭子區",wsmcg08e
仁愛路/旱溪東路(國4豐原聯絡道),24.21815412,120.7182539,https://tcnvr4.taichung.gov.tw/85dd7d3d,"臺中市, 潭子區",wsmcg0b2
國道4號-N4-E-25.235-M,24.22037689,120.7208093,https://cctvc.freeway.gov.tw/abs2mjpg/bmjpg?camera=868,"臺中市, 潭子區",wsmcg14j
國道4號-N4-W-25.338-M,24.2198371,120.7205805,https://cctvc.freeway.gov.tw/abs2mjpg/bmjpg?camera=911,"臺中市, 潭子區",wsmcg144
國道4號-N4-E-24.778-M,24.22078431,120.7255025,https://cctvc.freeway.gov.tw/abs2mjpg/bmjpg?camera=867,"臺中市, 潭子區",wsmcg1m8
國道4號-N4-E-24.380-M,24.22094863,120.7292299,https://cctvc.freeway.gov.tw/abs2mjpg/bmjpg?camera=866,"臺中市, 豐原區",wsmcg323
國道4號-N4-W-24.380-M,24.22079382,120.7294268,https://cctvc.freeway.gov.tw/abs2mjpg/bmjpg?camera=910,"臺中市, 豐原區",wsmcg322
國道4號-N4-W-24.200-M,24.22173288,120.7306957,https://cctvc.freeway.gov.tw/abs2mjpg/bmjpg?camera=909,"臺中市, 豐原區",wsmcg33m
國道4號-N4-E-22.850-M,24.23382383,120.7333902,https://cctvc.freeway.gov.tw/abs2mjpg/bmjpg?camera=865,"臺中市, 豐原區",wsmcg7ek
國道4號-N4-E-22.600-M-隧道,24.23541756,120.7345563,https://cctvc.freeway.gov.tw/abs2mjpg/bmjpg?camera=863,"臺中市, 豐原區",wsmcg7uj
國道4號-N4-W-22.340-M,24.23739224,120.7373741,https://cctvc.freeway.gov.tw/abs2mjpg/bmjpg?camera=908,"臺中市, 豐原區",wsmcgkq3
國道4號-N4-E-22.240-M,24.23785428,120.737348,https://cctvc.freeway.gov.tw/abs2mjpg/bmjpg?camera=862,"臺中市, 豐原區",wsmcgkq7
國道4號-N4-W-22.160-M,24.23778932,120.7380295,https://cctvc.freeway.gov.tw/abs2mjpg/bmjpg?camera=907,"臺中市, 豐原區",wsmcgkqg
國道4號-N4-E-16.705-M,24.27154034,120.7396277,https://cctvc.freeway.gov.tw/abs2mjpg/bmjpg?camera=801,"臺中市, 豐原區",wsmf56rz
國道4號-N4-E-17.110-M,24.26987776,120.7433832,https://cctvc.freeway.gov.tw/abs2mjpg/bmjpg?camera=802,"臺中市, 豐原區",wsmf5d4w
台3線-22-0030-166-002,24.26475445,120.7445209,https://cctv-ss03.thb.gov.tw:443/T3-166K+900,"臺中市, 豐原區",wsmf5972
豐勢路/國4豐潭段匝道,24.26470132,120.7446201,https://tcnvr3.taichung.gov.tw/d7b2a53e,"臺中市, 豐原區",wsmf5978
國道4號-N4-E-17.473-M,24.26953015,120.746803,https://cctvc.freeway.gov.tw/abs2mjpg/bmjpg?camera=803,"臺中市, 豐原區",wsmf5djh
國道4號-N4-W-18-L-1-國豐路,24.26909609,120.7483128,https://cctvc.freeway.gov.tw/abs2mjpg/bmjpg?camera=873,"臺中市, 豐原區",wsmf5dn1
豐勢路/國豐路(右側車流往豐原),24.26838889,120.7496287,https://tcnvr6.taichung.gov.tw/bdbf9365,"臺中市, 豐原區",wsmf59zj
國豐路三段-22-0030-166-001,24.26866864,120.749599,https://cctv-ss03.thb.gov.tw:443/T3-166K+190,"臺中市, 豐原區",wsmf59zp
台3線-22-0030-165-001,24.2726192,120.7532371,https://cctv-ss03.thb.gov.tw:443/T3-165K+600,"臺中市, 豐原區",wsmf5f9y
國道4號-N4-E-18.050-M-1-隧道,24.2671157,120.7523199,https://cctvc.freeway.gov.tw/abs2mjpg/bmjpg?camera=804,"臺中市, 豐原區",wsmf5c9n
明德路-22-0030-164-001,24.27694043,120.7646579,https://cctv-ss04.thb.gov.tw:443/T3-164K+350,"臺中市, 石岡區",wsmfh56p
